大図鑑カタログNo,科名,科和名,亜科名,亜科和名,族名,族和名,亜族名,亜族和名,属名,亜属名,種小名,亜種小名,著者,公表年,類似種,和名,旧和名,別名,その他の和名,亜種範囲,標準図鑑ステータス,標準図鑑以後の変更,学名,食草,備考,出典
H001,Chrysomelidae,ハムシ科,Alticinae,ヒゲナガハムシ亜科,,,,,Altica,,aenea,,,,,カミナリハムシ,,,,,,,Altica aenea,不明,,ハムシ目録データベース
H002,Chrysomelidae,ハムシ科,Alticinae,ヒゲナガハムシ亜科,,,,,Altica,,birmanensis,,,,,ビルマカミナリハムシ,,,,,,,Altica birmanensis,不明,,ハムシ目録データベース
H003,Chrysomelidae,ハムシ科,Alticinae,ヒゲナガハムシ亜科,,,,,Altica,,caerulescens,,,,,ヒメカミナリハムシ,,,,,,,Altica caerulescens,不明,,ハムシ目録データベース
H004,Chrysomelidae,ハムシ科,Alticinae,ヒゲナガハムシ亜科,,,,,Altica,,circaeae,,,,,ミズタマソウカミナリハムシ,,,,,,,Altica circaeae,不明,,ハムシ目録データベース
H005,Chrysomelidae,ハムシ科,Alticinae,ヒゲナガハムシ亜科,,,,,Altica,,cirsicola,,,,,アザミカミナリハムシ,,,,,,,Altica cirsicola,不明,,ハムシ目録データベース
H006,Chrysomelidae,ハムシ科,Alticinae,ヒゲナガハムシ亜科,,,,,Altica,,fragariae,,,,,イチゴカミナリハムシ,,,,,,,Altica fragariae,不明,,ハムシ目録データベース
H007,Chrysomelidae,ハムシ科,Alticinae,ヒゲナガハムシ亜科,,,,,Altica,,japonica,,,,,キタカミナリハムシ,,,,,,,Altica japonica,不明,,ハムシ目録データベース
H008,Chrysomelidae,ハムシ科,Alticinae,ヒゲナガハムシ亜科,,,,,Altica,,kimotoi,,,,,ミヤマアザミカミナリハムシ,,,,,,,Altica kimotoi,不明,,ハムシ目録データベース
H009,Chrysomelidae,ハムシ科,Alticinae,ヒゲナガハムシ亜科,,,,,Altica,,komiyai,,,,,コミヤカミナリハムシ,,,,,,,Altica komiyai,不明,,ハムシ目録データベース
H010,Chrysomelidae,ハムシ科,Alticinae,ヒゲナガハムシ亜科,,,,,Altica,,kurosawai,,,,,クロサワカミナリハムシ,,,,,,,Altica kurosawai,不明,,ハムシ目録データベース
H011,Chrysomelidae,ハムシ科,Alticinae,ヒゲナガハムシ亜科,,,,,Altica,,latericosta,,,,,スジカミナリハムシ,,,,,,,Altica latericosta,ハギ類,,ハムシハンドブック
H012,Chrysomelidae,ハムシ科,Alticinae,ヒゲナガハムシ亜科,,,,,Altica,,latericosta,,,,,スジカミナリハムシ,,,,,,,Altica latericosta,ハギ類,,ハムシハンドブック
H013,Chrysomelidae,ハムシ科,Alticinae,ヒゲナガハムシ亜科,,,,,Altica,,nipponica,,,,,ニホンカミナリハムシ,,,,,,,Altica nipponica,不明,,ハムシ目録データベース
H014,Chrysomelidae,ハムシ科,Alticinae,ヒゲナガハムシ亜科,,,,,Altica,,oleracea,,,,,アカバナカミナリハムシ,,,,,,,Altica oleracea,不明,,ハムシ目録データベース
H015,Chrysomelidae,ハムシ科,Alticinae,ヒゲナガハムシ亜科,,,,,Altica,,sanguisorbae,,,,,クロカミナリハムシ,,,,,,,Altica sanguisorbae,不明,,ハムシ目録データベース
H016,Chrysomelidae,ハムシ科,Alticinae,ヒゲナガハムシ亜科,,,,,Altica,,viridicyanea,,,,,コカミナリハムシ,,,,,,,Altica viridicyanea,不明,,ハムシ目録データベース
H017,Chrysomelidae,ハムシ科,Alticinae,ヒゲナガハムシ亜科,,,,,Amphimela,,metallica,,,,,レモントビハムシ,,,,,,,Amphimela metallica,不明,,ハムシ目録データベース
H018,Chrysomelidae,ハムシ科,Alticinae,ヒゲナガハムシ亜科,,,,,Aphthona,,abdominalis,,,,,キイロツブノミハムシ,,,,,,,Aphthona abdominalis,不明,,ハムシ目録データベース
H019,Chrysomelidae,ハムシ科,Alticinae,ヒゲナガハムシ亜科,,,,,Aphthona,,albescens,,,,,オキナワアシナガトビハムシ,,,,,,,Aphthona albescens,不明,,ハムシ目録データベース
H020,Chrysomelidae,ハムシ科,Alticinae,ヒゲナガハムシ亜科,,,,,Aphthona,,amamiana,,,,,アマミツブノミハムシ,,,,,,,Aphthona amamiana,不明,,ハムシ目録データベース
H021,Chrysomelidae,ハムシ科,Alticinae,ヒゲナガハムシ亜科,,,,,Aphthona,,erichsoni,,,,,キアシツブノミハムシ1,,,,,,,Aphthona erichsoni,不明,,ハムシ目録データベース
H022,Chrysomelidae,ハムシ科,Alticinae,ヒゲナガハムシ亜科,,,,,Aphthona,,formosana,,,,,タイワンツブノミハムシ,,,,,,,Aphthona formosana,不明,,ハムシ目録データベース
H023,Chrysomelidae,ハムシ科,Alticinae,ヒゲナガハムシ亜科,,,,,Aphthona,,hakonensis,,,,,ハコネツブノミハムシ,,,,,,,Aphthona hakonensis,不明,,ハムシ目録データベース
H024,Chrysomelidae,ハムシ科,Alticinae,ヒゲナガハムシ亜科,,,,,Aphthona,,interstitialis,,,,,アヤメツブノミハムシ,,,,,,,Aphthona interstitialis,不明,,ハムシ目録データベース
H025,Chrysomelidae,ハムシ科,Alticinae,ヒゲナガハムシ亜科,,,,,Aphthona,,kurosawai,,,,,クロサワツブノミハムシ,,,,,,,Aphthona kurosawai,不明,,ハムシ目録データベース
H026,Chrysomelidae,ハムシ科,Alticinae,ヒゲナガハムシ亜科,,,,,Aphthona,,perminuta,,,,,ツブノミハムシ,,,,,,,Aphthona perminuta,不明,,ハムシ目録データベース
H027,Chrysomelidae,ハムシ科,Alticinae,ヒゲナガハムシ亜科,,,,,Aphthona,,semiviridis,,,,,キアシツブノミハムシ2,,,,,,,Aphthona semiviridis,不明,,ハムシ目録データベース
H028,Chrysomelidae,ハムシ科,Alticinae,ヒゲナガハムシ亜科,,,,,Aphthona,,strigosa,,,,,サメハダツブノミハムシ,,,,,,,Aphthona strigosa,不明,,ハムシ目録データベース
H029,Chrysomelidae,ハムシ科,Alticinae,ヒゲナガハムシ亜科,,,,,Aphthonaltica,,angustata,,,,,ホソルリトビハムシ,,,,,,,Aphthonaltica angustata,不明,,ハムシ目録データベース
H030,Chrysomelidae,ハムシ科,Alticinae,ヒゲナガハムシ亜科,,,,,Aphthonoides,,beccaril,,,,,トゲアシトビハムシ,,,,,,,Aphthonoides beccaril,不明,,ハムシ目録データベース
H031,Chrysomelidae,ハムシ科,Alticinae,ヒゲナガハムシ亜科,,,,,Argopistes,,biplagiatus,,,,,テントウノミハムシ,,,,,,,Argopistes biplagiatus,不明,,ハムシ目録データベース
H032,Chrysomelidae,ハムシ科,Alticinae,ヒゲナガハムシ亜科,,,,,Argopistes,,rufus,,,,,ヘリグロテントウノミハムシ,,,,,,,Argopistes rufus,ラズベリー、モクセイ、ヒイラギモクセイ、キンモクセイ、イボタなど,,ハムシハンドブック
H033,Chrysomelidae,ハムシ科,Alticinae,ヒゲナガハムシ亜科,,,,,Argopistes,,ryukyuensis,,,,,リュウキュウテントウノミハムシ,,,,,,,Argopistes ryukyuensis,不明,,ハムシ目録データベース
H034,Chrysomelidae,ハムシ科,Alticinae,ヒゲナガハムシ亜科,,,,,Argopistes,,tsekooni,,,,,ヒメテントウノミハムシ,,,,,,,Argopistes tsekooni,不明,,ハムシ目録データベース
H035,Chrysomelidae,ハムシ科,Alticinae,ヒゲナガハムシ亜科,,,,,Argopistes,,unicolor,,,,,クロテントウノミハムシ,,,,,,,Argopistes unicolor,不明,,ハムシ目録データベース
H036,Chrysomelidae,ハムシ科,Alticinae,ヒゲナガハムシ亜科,,,,,Argopus,,balyi,,,,,オオキイロマルノミハムシ,,,,,,,Argopus balyi,ボタンヅル,,ハムシハンドブック
H037,Chrysomelidae,ハムシ科,Alticinae,ヒゲナガハムシ亜科,,,,,Argopus,,clarki,,,,,クラークマルノミハムシ,,,,,,,Argopus clarki,不明,,ハムシ目録データベース
H038,Chrysomelidae,ハムシ科,Alticinae,ヒゲナガハムシ亜科,,,,,Argopus,,clypeatus,,,,,オオアカマルノミハムシ,,,,,,,Argopus clypeatus,不明,,ハムシ目録データベース
H039,Chrysomelidae,ハムシ科,Alticinae,ヒゲナガハムシ亜科,,,,,Argopus,,nigripennis,,,,,クロバネマルノミハムシ,,,,,,,Argopus nigripennis,不明,,ハムシ目録データベース
H040,Chrysomelidae,ハムシ科,Alticinae,ヒゲナガハムシ亜科,,,,,Argopus,,punctipennis,,,,,アカイロマルノミハムシ,,,,,,,Argopus punctipennis,不明,,ハムシ目録データベース
H041,Chrysomelidae,ハムシ科,Alticinae,ヒゲナガハムシ亜科,,,,,Argopus,,unicolor,,,,,ウスイロマルノミハムシ,,,,,,,Argopus unicolor,不明,,ハムシ目録データベース
H042,Chrysomelidae,ハムシ科,Alticinae,ヒゲナガハムシ亜科,,,,,Batophila,,acutangula,,,,,ハネナシトビハムシ,,,,,,,Batophila acutangula,不明,,ハムシ目録データベース
H043,Chrysomelidae,ハムシ科,Alticinae,ヒゲナガハムシ亜科,,,,,Batophila,,latissima,,,,,ハバビロハネナシトビハムシ,,,,,,,Batophila latissima,不明,,ハムシ目録データベース
H044,Chrysomelidae,ハムシ科,Alticinae,ヒゲナガハムシ亜科,,,,,Bikasha,,collaris,,,,,フタイロセマルトビハムシ,,,,,,,Bikasha collaris,不明,,ハムシ目録データベース
H045,Chrysomelidae,ハムシ科,Alticinae,ヒゲナガハムシ亜科,,,,,Bikasha,,nipponica,,,,,コバンマメトビハムシ,,,,,,,Bikasha nipponica,不明,,ハムシ目録データベース
H046,Chrysomelidae,ハムシ科,Alticinae,ヒゲナガハムシ亜科,,,,,Bikasha,,simplicithorax,,,,,キイロマメトビハムシ,,,,,,,Bikasha simplicithorax,不明,,ハムシ目録データベース
H047,Chrysomelidae,ハムシ科,Alticinae,ヒゲナガハムシ亜科,,,,,Cangshanaltica,,ogatai,,,,,オガタマンマルトビハムシ,,,,,,,Cangshanaltica ogatai,不明,,ハムシ目録データベース
H048,Chrysomelidae,ハムシ科,Alticinae,ヒゲナガハムシ亜科,,,,,Chaetocnema,,(Chaetocnema),,,,,オカボヒサゴトビハムシ,,,,,,,Chaetocnema (Chaetocnema),不明,,ハムシ目録データベース
H049,Chrysomelidae,ハムシ科,Alticinae,ヒゲナガハムシ亜科,,,,,Chaetocnema,,(Chaetocnema),,,,,ヒメドウガネトビハムシ,,,,,,,Chaetocnema (Chaetocnema),不明,,ハムシ目録データベース
H050,Chrysomelidae,ハムシ科,Alticinae,ヒゲナガハムシ亜科,,,,,Chaetocnema,,(Chaetocnema),,,,,キイチゴヒサゴトビハムシ,,,,,,,Chaetocnema (Chaetocnema),不明,,ハムシ目録データベース
H051,Chrysomelidae,ハムシ科,Alticinae,ヒゲナガハムシ亜科,,,,,Chaetocnema,,(Chaetocnema),,,,,ムギヒサゴトビハムシ,,,,,,,Chaetocnema (Chaetocnema),不明,,ハムシ目録データベース
H052,Chrysomelidae,ハムシ科,Alticinae,ヒゲナガハムシ亜科,,,,,Chaetocnema,,(Chaetocnema),,,,,ヤマヒサゴトビハムシ,,,,,,,Chaetocnema (Chaetocnema),不明,,ハムシ目録データベース
H053,Chrysomelidae,ハムシ科,Alticinae,ヒゲナガハムシ亜科,,,,,Chaetocnema,,(Chaetocnema),,,,,ヒサゴトビハムシ,,,,,,,Chaetocnema (Chaetocnema),メヒシバ,,ハムシハンドブック
H054,Chrysomelidae,ハムシ科,Alticinae,ヒゲナガハムシ亜科,,,,,Chaetocnema,,(Chaetocnema),,,,,ワタラセヒサゴトビハムシ,,,,,,,Chaetocnema (Chaetocnema),不明,,ハムシ目録データベース
H055,Chrysomelidae,ハムシ科,Alticinae,ヒゲナガハムシ亜科,,,,,Chaetocnema,,(Tlanoma),,,,,フタイロヒサゴトビハムシ,,,,,,,Chaetocnema (Tlanoma),不明,,ハムシ目録データベース
H056,Chrysomelidae,ハムシ科,Alticinae,ヒゲナガハムシ亜科,,,,,Chaetocnema,,(Tlanoma),,,,,テンサイトビハムシ,,,,,,,Chaetocnema (Tlanoma),不明,,ハムシ目録データベース
H057,Chrysomelidae,ハムシ科,Alticinae,ヒゲナガハムシ亜科,,,,,Chaetocnema,,(Tlanoma),,,,,サツマイモヒサゴトビハムシ,,,,,,,Chaetocnema (Tlanoma),不明,,ハムシ目録データベース
H058,Chrysomelidae,ハムシ科,Alticinae,ヒゲナガハムシ亜科,,,,,Chaetocnema,,(Tlanoma),,,,,クサイチゴトビハムシ,,,,,,,Chaetocnema (Tlanoma),不明,,ハムシ目録データベース
H059,Chrysomelidae,ハムシ科,Alticinae,ヒゲナガハムシ亜科,,,,,Chaetocnema,,(Tlanoma),,,,,カンミヤヒサゴトビハムシ,,,,,,,Chaetocnema (Tlanoma),不明,,ハムシ目録データベース
H060,Chrysomelidae,ハムシ科,Alticinae,ヒゲナガハムシ亜科,,,,,Chaetocnema,,(Tlanoma),,,,,ニセテンサイトビハムシ,,,,,,,Chaetocnema (Tlanoma),不明,,ハムシ目録データベース
H061,Chrysomelidae,ハムシ科,Alticinae,ヒゲナガハムシ亜科,,,,,Chaetocnema,,(Tlanoma),,,,,アオバドウガネトビハムシ,,,,,,,Chaetocnema (Tlanoma),不明,,ハムシ目録データベース
H062,Chrysomelidae,ハムシ科,Alticinae,ヒゲナガハムシ亜科,,,,,Chaetocnema,,(Tlanoma),,,,,オオヒサゴトビハムシ,,,,,,,Chaetocnema (Tlanoma),不明,,ハムシ目録データベース
H063,Chrysomelidae,ハムシ科,Alticinae,ヒゲナガハムシ亜科,,,,,Chaetocnema,,(Tlanoma),,,,,キイチゴトビハムシ,,,,,,,Chaetocnema (Tlanoma),不明,,ハムシ目録データベース
H064,Chrysomelidae,ハムシ科,Alticinae,ヒゲナガハムシ亜科,,,,,Chaetocnema,,(Udorpes),,,,,タイワンヒサゴトビハムシ,,,,,,,Chaetocnema (Udorpes),不明,,ハムシ目録データベース
H065,Chrysomelidae,ハムシ科,Alticinae,ヒゲナガハムシ亜科,,,,,Chaetocnema,,(Udorpes),,,,,ウミベヒサゴトビハムシ,,,,,,,Chaetocnema (Udorpes),不明,,ハムシ目録データベース
H066,Chrysomelidae,ハムシ科,Alticinae,ヒゲナガハムシ亜科,,,,,Clavicornaltica,,nakanoi,,,,,エグリヒゲブトコマルトビハムシ,,,,,,,Clavicornaltica nakanoi,不明,,ハムシ目録データベース
H067,Chrysomelidae,ハムシ科,Alticinae,ヒゲナガハムシ亜科,,,,,Clavicornaltica,,sakishimana,,,,,サキシマヒゲブトコマルトビハムシ,,,,,,,Clavicornaltica sakishimana,不明,,ハムシ目録データベース
H068,Chrysomelidae,ハムシ科,Alticinae,ヒゲナガハムシ亜科,,,,,Clavicornaltica,,tokushigei,,,,,ツマキレヒゲブトコマルトビハムシ,,,,,,,Clavicornaltica tokushigei,不明,,ハムシ目録データベース
H069,Chrysomelidae,ハムシ科,Alticinae,ヒゲナガハムシ亜科,,,,,Crepidodera,,japonica,,,,,ミドリトビハムシ,,,,,,,Crepidodera japonica,不明,,ハムシ目録データベース
H070,Chrysomelidae,ハムシ科,Alticinae,ヒゲナガハムシ亜科,,,,,Crepidodera,,sahalinensis,,,,,スズキミドリトビハムシ,,,,,,,Crepidodera sahalinensis,不明,,ハムシ目録データベース
H071,Chrysomelidae,ハムシ科,Alticinae,ヒゲナガハムシ亜科,,,,,Crepidodera,,yahiroi,,,,,ヤヒロミドリトビハムシ,,,,,,,Crepidodera yahiroi,不明,,ハムシ目録データベース
H072,Chrysomelidae,ハムシ科,Alticinae,ヒゲナガハムシ亜科,,,,,Dibolia,,(Dibolia),,,,,ヤハズトビハムシ,,,,,,,Dibolia (Dibolia),不明,,ハムシ目録データベース
H073,Chrysomelidae,ハムシ科,Alticinae,ヒゲナガハムシ亜科,,,,,Disonycha,,politula,,,,,メリケントビハムシ,,,,,,,Disonycha politula,不明,,ハムシ目録データベース
H074,Chrysomelidae,ハムシ科,Alticinae,ヒゲナガハムシ亜科,,,,,Epitrix,,hirtipennis,,,,,タバコノミハムシ,,,,,,,Epitrix hirtipennis,タバコなどナス科植物,,ハムシハンドブック
H075,Chrysomelidae,ハムシ科,Alticinae,ヒゲナガハムシ亜科,,,,,Euphitrea,,nisotroides,,,,,ニセタマトビハムシ,,,,,,,Euphitrea nisotroides,不明,,ハムシ目録データベース
H076,Chrysomelidae,ハムシ科,Alticinae,ヒゲナガハムシ亜科,,,,,Halticorcus,,duodecimmaculata,,,,,ジュウニホシニセマルトビハムシ,,,,,,,Halticorcus duodecimmaculata,不明,,ハムシ目録データベース
H077,Chrysomelidae,ハムシ科,Alticinae,ヒゲナガハムシ亜科,,,,,Halticorcus,,hiranoi,,,,,ヒラノニセマルトビハムシ,,,,,,,Halticorcus hiranoi,不明,,ハムシ目録データベース
H078,Chrysomelidae,ハムシ科,Alticinae,ヒゲナガハムシ亜科,,,,,Halticorcus,,kasuga,,,,,トホシニセマルトビハムシ,,,,,,,Halticorcus kasuga,不明,,ハムシ目録データベース
H079,Chrysomelidae,ハムシ科,Alticinae,ヒゲナガハムシ亜科,,,,,Halticorcus,,sauteri,,,,,ムツボシニセマルトビハムシ,,,,,,,Halticorcus sauteri,不明,,ハムシ目録データベース
H080,Chrysomelidae,ハムシ科,Alticinae,ヒゲナガハムシ亜科,,,,,Halticorcus,,sauteri,,,,,ムツボシニセマルトビハムシ　屋久島亜種,,,,,,,Halticorcus sauteri,不明,,ハムシ目録データベース
H081,Chrysomelidae,ハムシ科,Alticinae,ヒゲナガハムシ亜科,,,,,Hemipyxis,,balyi,,,,,ヨツモンミゾアシノミハムシ,,,,,,,Hemipyxis balyi,不明,,ハムシ目録データベース
H082,Chrysomelidae,ハムシ科,Alticinae,ヒゲナガハムシ亜科,,,,,Hemipyxis,,changi,,,,,ヒメマルノミハムシ,,,,,,,Hemipyxis changi,不明,,ハムシ目録データベース
H083,Chrysomelidae,ハムシ科,Alticinae,ヒゲナガハムシ亜科,,,,,Hemipyxis,,cinctipennis,,,,,キベリヒラタノミハムシ,,,,,,,Hemipyxis cinctipennis,不明,,ハムシ目録データベース
H084,Chrysomelidae,ハムシ科,Alticinae,ヒゲナガハムシ亜科,,,,,Hemipyxis,,cinctipennis,,,,,キベリヒラタノミハムシ　沖縄本島亜種,,,,,,,Hemipyxis cinctipennis,不明,,ハムシ目録データベース
H085,Chrysomelidae,ハムシ科,Alticinae,ヒゲナガハムシ亜科,,,,,Hemipyxis,,flaviabdominalis,,,,,キバラマルノミハムシ,,,,,,,Hemipyxis flaviabdominalis,不明,,ハムシ目録データベース
H086,Chrysomelidae,ハムシ科,Alticinae,ヒゲナガハムシ亜科,,,,,Hemipyxis,,flavipennis,,,,,キバネマルノミハムシ,,,,,,,Hemipyxis flavipennis,ネズミモチ,,ハムシハンドブック
H087,Chrysomelidae,ハムシ科,Alticinae,ヒゲナガハムシ亜科,,,,,Hemipyxis,,foveolata,,,,,キイロミゾアシノミハムシ,,,,,,,Hemipyxis foveolata,不明,,ハムシ目録データベース
H088,Chrysomelidae,ハムシ科,Alticinae,ヒゲナガハムシ亜科,,,,,Hemipyxis,,foveolata,,,,,キイロミゾアシノミハムシ　宮古島亜種,,,,,,,Hemipyxis foveolata,不明,,ハムシ目録データベース
H089,Chrysomelidae,ハムシ科,Alticinae,ヒゲナガハムシ亜科,,,,,Hemipyxis,,plagioderoides,,,,,ヒゲナガルリマルノミハムシ,,,,,,,Hemipyxis plagioderoides,不明,,ハムシ目録データベース
H090,Chrysomelidae,ハムシ科,Alticinae,ヒゲナガハムシ亜科,,,,,Hemipyxis,,shirakii,,,,,マエモンヒラタノミハムシ,,,,,,,Hemipyxis shirakii,不明,,ハムシ目録データベース
H091,Chrysomelidae,ハムシ科,Alticinae,ヒゲナガハムシ亜科,,,,,Hemipyxis,,takarai,,,,,タカラミゾアシノミハムシ,,,,,,,Hemipyxis takarai,不明,,ハムシ目録データベース
H092,Chrysomelidae,ハムシ科,Alticinae,ヒゲナガハムシ亜科,,,,,Hermaeophaga,,(Orthocrepis),,,,,ヒメトビハムシ,,,,,,,Hermaeophaga (Orthocrepis),不明,,ハムシ目録データベース
H093,Chrysomelidae,ハムシ科,Alticinae,ヒゲナガハムシ亜科,,,,,Hespera,,lomasa,,,,,シロヒゲトビハムシ,,,,,,,Hespera lomasa,不明,,ハムシ目録データベース
H094,Chrysomelidae,ハムシ科,Alticinae,ヒゲナガハムシ亜科,,,,,Hippuriphila,,babai,,,,,アカガネトビハムシ,,,,,,,Hippuriphila babai,不明,,ハムシ目録データベース
H095,Chrysomelidae,ハムシ科,Alticinae,ヒゲナガハムシ亜科,,,,,Hyphasis,,inconstans,,,,,コブアシトビハムシ,,,,,,,Hyphasis inconstans,不明,,ハムシ目録データベース
H096,Chrysomelidae,ハムシ科,Alticinae,ヒゲナガハムシ亜科,,,,,Ivalia,,bistripunctata,,,,,ムツボシトビハムシ,,,,,,,Ivalia bistripunctata,不明,,ハムシ目録データベース
H097,Chrysomelidae,ハムシ科,Alticinae,ヒゲナガハムシ亜科,,,,,Ivalia,,hiranoi,,,,,イリオモテコダマトビハムシ,,,,,,,Ivalia hiranoi,不明,,ハムシ目録データベース
H098,Chrysomelidae,ハムシ科,Alticinae,ヒゲナガハムシ亜科,,,,,Ivalia,,kodama,,,,,アマミコダマトビハムシ,,,,,,,Ivalia kodama,不明,,ハムシ目録データベース
H099,Chrysomelidae,ハムシ科,Alticinae,ヒゲナガハムシ亜科,,,,,Ivalia,,nakanoi,,,,,ナカノコダマトビハムシ,,,,,,,Ivalia nakanoi,不明,,ハムシ目録データベース
H100,Chrysomelidae,ハムシ科,Alticinae,ヒゲナガハムシ亜科,,,,,Ivalia,,variabilis,,,,,カワリコダマトビハムシ,,,,,,,Ivalia variabilis,不明,,ハムシ目録データベース
H101,Chrysomelidae,ハムシ科,Alticinae,ヒゲナガハムシ亜科,,,,,Lanka,,esakii,,,,,ヘリグロセダカトビハムシ,,,,,,,Lanka esakii,不明,,ハムシ目録データベース
H102,Chrysomelidae,ハムシ科,Alticinae,ヒゲナガハムシ亜科,,,,,Lanka,,fulva,,,,,キイロセダカトビハムシ,,,,,,,Lanka fulva,不明,,ハムシ目録データベース
H103,Chrysomelidae,ハムシ科,Alticinae,ヒゲナガハムシ亜科,,,,,Lanka,,magnoliae,,,,,ホオノキセダカトビハムシ,,,,,,,Lanka magnoliae,不明,,ハムシ目録データベース
H104,Chrysomelidae,ハムシ科,Alticinae,ヒゲナガハムシ亜科,,,,,Lanka,,nagaii,,,,,フタツメタマノミハムシ,,,,,,,Lanka nagaii,不明,,ハムシ目録データベース
H105,Chrysomelidae,ハムシ科,Alticinae,ヒゲナガハムシ亜科,,,,,Lesagealtica,,berberii,,,,,ルリチビカミナリハムシ,,,,,,,Lesagealtica berberii,不明,,ハムシ目録データベース
H106,Chrysomelidae,ハムシ科,Alticinae,ヒゲナガハムシ亜科,,,,,Lesagealtica,,flavicornis,,,,,ウスグロチビカミナリハムシ,,,,,,,Lesagealtica flavicornis,不明,,ハムシ目録データベース
H107,Chrysomelidae,ハムシ科,Alticinae,ヒゲナガハムシ亜科,,,,,Lipromela,,minutissima,,,,,セスジトビハムシ,,,,,,,Lipromela minutissima,不明,,ハムシ目録データベース
H108,Chrysomelidae,ハムシ科,Alticinae,ヒゲナガハムシ亜科,,,,,Lipromela,,okinawana,,,,,オキナワセスジトビハムシ,,,,,,,Lipromela okinawana,不明,,ハムシ目録データベース
H109,Chrysomelidae,ハムシ科,Alticinae,ヒゲナガハムシ亜科,,,,,Lipromima,,minuta,,,,,サシゲトビハムシ,,,,,,,Lipromima minuta,不明,,ハムシ目録データベース
H110,Chrysomelidae,ハムシ科,Alticinae,ヒゲナガハムシ亜科,,,,,Lipromorpha,,inexpectata,,,,,オキノエラブクビボソトビハムシ,,,,,,,Lipromorpha inexpectata,不明,,ハムシ目録データベース
H111,Chrysomelidae,ハムシ科,Alticinae,ヒゲナガハムシ亜科,,,,,Lipromorpha,,loochooana,,,,,リュウキュウクビボソトビハムシ,,,,,,,Lipromorpha loochooana,不明,,ハムシ目録データベース
H112,Chrysomelidae,ハムシ科,Alticinae,ヒゲナガハムシ亜科,,,,,Lipromorpha,,sakishimana,,,,,サキシマクビボソトビハムシ,,,,,,,Lipromorpha sakishimana,不明,,ハムシ目録データベース
H113,Chrysomelidae,ハムシ科,Alticinae,ヒゲナガハムシ亜科,,,,,Liprus,,punctatostriatus,,,,,ナガトビハムシ,,,,,,,Liprus punctatostriatus,ギボウシ,,ハムシハンドブック
H114,Chrysomelidae,ハムシ科,Alticinae,ヒゲナガハムシ亜科,,,,,Longitarsus,,(Longitarsus),,,,,ヒルガオトビハムシ,,,,,,,Longitarsus (Longitarsus),不明,,ハムシ目録データベース
H115,Chrysomelidae,ハムシ科,Alticinae,ヒゲナガハムシ亜科,,,,,Longitarsus,,(Longitarsus),,,,,クロボシトビハムシ,,,,,,,Longitarsus (Longitarsus),不明,,ハムシ目録データベース
H116,Chrysomelidae,ハムシ科,Alticinae,ヒゲナガハムシ亜科,,,,,Longitarsus,,(Longitarsus),,,,,ミスジアシナガトビハムシ,,,,,,,Longitarsus (Longitarsus),不明,,ハムシ目録データベース
H117,Chrysomelidae,ハムシ科,Alticinae,ヒゲナガハムシ亜科,,,,,Longitarsus,,(Longitarsus),,,,,ムラサキアシナガトビハムシ,,,,,,,Longitarsus (Longitarsus),不明,,ハムシ目録データベース
H118,Chrysomelidae,ハムシ科,Alticinae,ヒゲナガハムシ亜科,,,,,Longitarsus,,(Longitarsus),,,,,アカアシナガトビハムシ,,,,,,,Longitarsus (Longitarsus),不明,,ハムシ目録データベース
H119,Chrysomelidae,ハムシ科,Alticinae,ヒゲナガハムシ亜科,,,,,Longitarsus,,(Longitarsus),,,,,セアカアシナガトビハムシ,,,,,,,Longitarsus (Longitarsus),不明,,ハムシ目録データベース
H120,Chrysomelidae,ハムシ科,Alticinae,ヒゲナガハムシ亜科,,,,,Longitarsus,,(Longitarsus),,,,,タイワンアシナガトビハムシ,,,,,,,Longitarsus (Longitarsus),不明,,ハムシ目録データベース
H121,Chrysomelidae,ハムシ科,Alticinae,ヒゲナガハムシ亜科,,,,,Longitarsus,,(Longitarsus),,,,,イヌノフグリトビハムシ,,,,,,,Longitarsus (Longitarsus),不明,,ハムシ目録データベース
H122,Chrysomelidae,ハムシ科,Alticinae,ヒゲナガハムシ亜科,,,,,Longitarsus,,(Longitarsus),,,,,イシガキアシナガトビハムシ,,,,,,,Longitarsus (Longitarsus),不明,,ハムシ目録データベース
H123,Chrysomelidae,ハムシ科,Alticinae,ヒゲナガハムシ亜科,,,,,Longitarsus,,(Longitarsus),,,,,コミヤアシナガトビハムシ,,,,,,,Longitarsus (Longitarsus),不明,,ハムシ目録データベース
H124,Chrysomelidae,ハムシ科,Alticinae,ヒゲナガハムシ亜科,,,,,Longitarsus,,(Longitarsus),,,,,オオバコアシナガトビハムシ,,,,,,,Longitarsus (Longitarsus),不明,,ハムシ目録データベース
H125,Chrysomelidae,ハムシ科,Alticinae,ヒゲナガハムシ亜科,,,,,Longitarsus,,(Longitarsus),,,,,クガイソウアシナガトビハムシ,,,,,,,Longitarsus (Longitarsus),不明,,ハムシ目録データベース
H126,Chrysomelidae,ハムシ科,Alticinae,ヒゲナガハムシ亜科,,,,,Longitarsus,,(Longitarsus),,,,,コクロアシナガトビハムシ,,,,,,,Longitarsus (Longitarsus),不明,,ハムシ目録データベース
H127,Chrysomelidae,ハムシ科,Alticinae,ヒゲナガハムシ亜科,,,,,Longitarsus,,(Longitarsus),,,,,ハッカアシナガトビハムシ,,,,,,,Longitarsus (Longitarsus),不明,,ハムシ目録データベース
H128,Chrysomelidae,ハムシ科,Alticinae,ヒゲナガハムシ亜科,,,,,Longitarsus,,(Longitarsus),,,,,ヒヨドリバナアシナガトビハムシ,,,,,,,Longitarsus (Longitarsus),不明,,ハムシ目録データベース
H129,Chrysomelidae,ハムシ科,Alticinae,ヒゲナガハムシ亜科,,,,,Longitarsus,,(Longitarsus),,,,,オオアシナガトビハムシ,,,,,,,Longitarsus (Longitarsus),不明,,ハムシ目録データベース
H130,Chrysomelidae,ハムシ科,Alticinae,ヒゲナガハムシ亜科,,,,,Longitarsus,,(Longitarsus),,,,,チュウジョウアシナガトビハムシ,,,,,,,Longitarsus (Longitarsus),不明,,ハムシ目録データベース
H131,Chrysomelidae,ハムシ科,Alticinae,ヒゲナガハムシ亜科,,,,,Longitarsus,,(Longitarsus),,,,,ヒナノウスツボアシナガトビハムシ,,,,,,,Longitarsus (Longitarsus),不明,,ハムシ目録データベース
H132,Chrysomelidae,ハムシ科,Alticinae,ヒゲナガハムシ亜科,,,,,Longitarsus,,(Longitarsus),,,,,トウヨウアシナガトビハムシ,,,,,,,Longitarsus (Longitarsus),不明,,ハムシ目録データベース
H133,Chrysomelidae,ハムシ科,Alticinae,ヒゲナガハムシ亜科,,,,,Longitarsus,,(Longitarsus),,,,,マルアシナガトビハムシ,,,,,,,Longitarsus (Longitarsus),不明,,ハムシ目録データベース
H134,Chrysomelidae,ハムシ科,Alticinae,ヒゲナガハムシ亜科,,,,,Longitarsus,,(Longitarsus),,,,,カクムネアシナガトビハムシ,,,,,,,Longitarsus (Longitarsus),不明,,ハムシ目録データベース
H135,Chrysomelidae,ハムシ科,Alticinae,ヒゲナガハムシ亜科,,,,,Longitarsus,,(Longitarsus),,,,,タツナミソウアシナガトビハムシ,,,,,,,Longitarsus (Longitarsus),不明,,ハムシ目録データベース
H136,Chrysomelidae,ハムシ科,Alticinae,ヒゲナガハムシ亜科,,,,,Longitarsus,,(Longitarsus),,,,,オオバコトビハムシ,,,,,,,Longitarsus (Longitarsus),オオバコ類,,ハムシハンドブック
H137,Chrysomelidae,ハムシ科,Alticinae,ヒゲナガハムシ亜科,,,,,Longitarsus,,(Longitarsus),,,,,ヨモギトビハムシ,,,,,,,Longitarsus (Longitarsus),不明,,ハムシ目録データベース
H138,Chrysomelidae,ハムシ科,Alticinae,ヒゲナガハムシ亜科,,,,,Longitarsus,,(Longitarsus),,,,,ハンゴンソウアシナガトビハムシ,,,,,,,Longitarsus (Longitarsus),不明,,ハムシ目録データベース
H139,Chrysomelidae,ハムシ科,Alticinae,ヒゲナガハムシ亜科,,,,,Longitarsus,,(Longitarsus),,,,,スズキアシナガトビハムシ,,,,,,,Longitarsus (Longitarsus),不明,,ハムシ目録データベース
H140,Chrysomelidae,ハムシ科,Alticinae,ヒゲナガハムシ亜科,,,,,Longitarsus,,(Longitarsus),,,,,トカラアシナガトビハムシ,,,,,,,Longitarsus (Longitarsus),不明,,ハムシ目録データベース
H141,Chrysomelidae,ハムシ科,Alticinae,ヒゲナガハムシ亜科,,,,,Longitarsus,,(Longitarsus),,,,,カクバネアシナガトビハムシ,,,,,,,Longitarsus (Longitarsus),不明,,ハムシ目録データベース
H142,Chrysomelidae,ハムシ科,Alticinae,ヒゲナガハムシ亜科,,,,,Luperomorpha,,amamiana,,,,,アマミホソトビハムシ,,,,,,,Luperomorpha amamiana,不明,,ハムシ目録データベース
H143,Chrysomelidae,ハムシ科,Alticinae,ヒゲナガハムシ亜科,,,,,Luperomorpha,,birmanica,,,,,マエアカホソトビハムシ,,,,,,,Luperomorpha birmanica,不明,,ハムシ目録データベース
H144,Chrysomelidae,ハムシ科,Alticinae,ヒゲナガハムシ亜科,,,,,Luperomorpha,,collaris,,,,,ムネアカオオトビハムシ,,,,,,,Luperomorpha collaris,不明,,ハムシ目録データベース
H145,Chrysomelidae,ハムシ科,Alticinae,ヒゲナガハムシ亜科,,,,,Luperomorpha,,funesta,,,,,クワノミハムシ,,,,,,,Luperomorpha funesta,クワ、サトイモ類、タデ、ナズナ、サトウダイコン、ナス,,ハムシハンドブック
H146,Chrysomelidae,ハムシ科,Alticinae,ヒゲナガハムシ亜科,,,,,Luperomorpha,,hidakai,,,,,ヒダカホソトビハムシ,,,,,,,Luperomorpha hidakai,不明,,ハムシ目録データベース
H147,Chrysomelidae,ハムシ科,Alticinae,ヒゲナガハムシ亜科,,,,,Luperomorpha,,pryeri,,,,,クビアカトビハムシ,,,,,,,Luperomorpha pryeri,不明,,ハムシ目録データベース
H148,Chrysomelidae,ハムシ科,Alticinae,ヒゲナガハムシ亜科,,,,,Luperomorpha,,sakishimana,,,,,サキシマホソトビハムシ,,,,,,,Luperomorpha sakishimana,不明,,ハムシ目録データベース
H149,Chrysomelidae,ハムシ科,Alticinae,ヒゲナガハムシ亜科,,,,,Luperomorpha,,tenebrosa,,,,,キアシノミハムシ,,,,,,,Luperomorpha tenebrosa,不明,,ハムシ目録データベース
H150,Chrysomelidae,ハムシ科,Alticinae,ヒゲナガハムシ亜科,,,,,Luperomorpha,,tokejii,,,,,トケジホソトビハムシ,,,,,,,Luperomorpha tokejii,不明,,ハムシ目録データベース
H151,Chrysomelidae,ハムシ科,Alticinae,ヒゲナガハムシ亜科,,,,,Lythraria,,komiyamai,,,,,コナスビトビハムシ,,,,,,,Lythraria komiyamai,不明,,ハムシ目録データベース
H152,Chrysomelidae,ハムシ科,Alticinae,ヒゲナガハムシ亜科,,,,,Lythraria,,salicariae,,,,,トラノオトビハムシ,,,,,,,Lythraria salicariae,不明,,ハムシ目録データベース
H153,Chrysomelidae,ハムシ科,Alticinae,ヒゲナガハムシ亜科,,,,,Manobia,,aoshimense,,,,,ケシタマノミハムシ,,,,,,,Manobia aoshimense,不明,,ハムシ目録データベース
H154,Chrysomelidae,ハムシ科,Alticinae,ヒゲナガハムシ亜科,,,,,Manobia,,formosana,,,,,チャイロケシトビハムシ,,,,,,,Manobia formosana,不明,,ハムシ目録データベース
H155,Chrysomelidae,ハムシ科,Alticinae,ヒゲナガハムシ亜科,,,,,Manobia,,gressitti,,,,,サキシマコトビハムシ,,,,,,,Manobia gressitti,不明,,ハムシ目録データベース
H156,Chrysomelidae,ハムシ科,Alticinae,ヒゲナガハムシ亜科,,,,,Manobia,,lewisi,,,,,ルイスコトビハムシ,,,,,,,Manobia lewisi,不明,,ハムシ目録データベース
H157,Chrysomelidae,ハムシ科,Alticinae,ヒゲナガハムシ亜科,,,,,Manobia,,parvula,,,,,クロコトビハムシ,,,,,,,Manobia parvula,不明,,ハムシ目録データベース
H158,Chrysomelidae,ハムシ科,Alticinae,ヒゲナガハムシ亜科,,,,,Mantura,,(Mantura),,,,,スイバトビハムシ,,,,,,,Mantura (Mantura),スイバ、ギシギシなど,,ハムシハンドブック
H159,Chrysomelidae,ハムシ科,Alticinae,ヒゲナガハムシ亜科,,,,,Mantura,,(Mantura),,,,,カタバミトビハムシ,,,,,,,Mantura (Mantura),不明,,ハムシ目録データベース
H160,Chrysomelidae,ハムシ科,Alticinae,ヒゲナガハムシ亜科,,,,,Mantura,,(Mantura),,,,,ニホンハモグリトビハムシ,,,,,,,Mantura (Mantura),不明,,ハムシ目録データベース
H161,Chrysomelidae,ハムシ科,Alticinae,ヒゲナガハムシ亜科,,,,,Mantura,,(Mantura),,,,,セマルトビハムシ,,,,,,,Mantura (Mantura),不明,,ハムシ目録データベース
H162,Chrysomelidae,ハムシ科,Alticinae,ヒゲナガハムシ亜科,,,,,Neocrepidodera,,acuminata,,,,,トガリカクムネトビハムシ,,,,,,,Neocrepidodera acuminata,不明,,ハムシ目録データベース
H163,Chrysomelidae,ハムシ科,Alticinae,ヒゲナガハムシ亜科,,,,,Neocrepidodera,,gruevi,,,,,セダカカクムネトビハムシ,,,,,,,Neocrepidodera gruevi,不明,,ハムシ目録データベース
H164,Chrysomelidae,ハムシ科,Alticinae,ヒゲナガハムシ亜科,,,,,Neocrepidodera,,hiranoi,,,,,ヒラノカクムネトビハムシ,,,,,,,Neocrepidodera hiranoi,不明,,ハムシ目録データベース
H165,Chrysomelidae,ハムシ科,Alticinae,ヒゲナガハムシ亜科,,,,,Neocrepidodera,,interpunctata,,,,,ホソカクムネトビハムシ,,,,,,,Neocrepidodera interpunctata,不明,,ハムシ目録データベース
H166,Chrysomelidae,ハムシ科,Alticinae,ヒゲナガハムシ亜科,,,,,Neocrepidodera,,komatsui,,,,,クロカクムネトビハムシ,,,,,,,Neocrepidodera komatsui,不明,,ハムシ目録データベース
H167,Chrysomelidae,ハムシ科,Alticinae,ヒゲナガハムシ亜科,,,,,Neocrepidodera,,laevicollis,,,,,カクムネトビハムシ,,,,,,,Neocrepidodera laevicollis,アキタデ,,ハムシハンドブック
H168,Chrysomelidae,ハムシ科,Alticinae,ヒゲナガハムシ亜科,,,,,Neocrepidodera,,obscuritarsis,,,,,オオキイロノミハムシ,,,,,,,Neocrepidodera obscuritarsis,不明,,ハムシ目録データベース
H169,Chrysomelidae,ハムシ科,Alticinae,ヒゲナガハムシ亜科,,,,,Neocrepidodera,,ohkawai,,,,,ワタラセカクムネトビハムシ,,,,,,,Neocrepidodera ohkawai,不明,,ハムシ目録データベース
H170,Chrysomelidae,ハムシ科,Alticinae,ヒゲナガハムシ亜科,,,,,Neocrepidodera,,recticollis,,,,,カクムネチビトビハムシ,,,,,,,Neocrepidodera recticollis,不明,,ハムシ目録データベース
H171,Chrysomelidae,ハムシ科,Alticinae,ヒゲナガハムシ亜科,,,,,Neocrepidodera,,satoi,,,,,アジサイカクムネトビハムシ,,,,,,,Neocrepidodera satoi,不明,,ハムシ目録データベース
H172,Chrysomelidae,ハムシ科,Alticinae,ヒゲナガハムシ亜科,,,,,Neocrepidodera,,sibirica,,,,,クサレダマハムシ,,,,,,,Neocrepidodera sibirica,不明,,ハムシ目録データベース
H173,Chrysomelidae,ハムシ科,Alticinae,ヒゲナガハムシ亜科,,,,,Neocrepidodera,,sublaevis,,,,,アラメカクムネトビハムシ,,,,,,,Neocrepidodera sublaevis,不明,,ハムシ目録データベース
H174,Chrysomelidae,ハムシ科,Alticinae,ヒゲナガハムシ亜科,,,,,Neocrepidodera,,takara,,,,,キイロチビトビハムシ,,,,,,,Neocrepidodera takara,不明,,ハムシ目録データベース
H175,Chrysomelidae,ハムシ科,Alticinae,ヒゲナガハムシ亜科,,,,,Nonarthra,,amamiana,,,,,カワリヒゲブトノミハムシ,,,,,,,Nonarthra amamiana,不明,,ハムシ目録データベース
H176,Chrysomelidae,ハムシ科,Alticinae,ヒゲナガハムシ亜科,,,,,Nonarthra,,cyanea,,,,,ルリマルノミハムシ,,,,,,,Nonarthra cyanea,不明,,ハムシ目録データベース
H177,Chrysomelidae,ハムシ科,Alticinae,ヒゲナガハムシ亜科,,,,,Nonarthra,,tibialis,,,,,コマルノミハムシ,,,,,,,Nonarthra tibialis,不明,,ハムシ目録データベース
H178,Chrysomelidae,ハムシ科,Alticinae,ヒゲナガハムシ亜科,,,,,Orthaltica,,okinawana,,,,,キイロケナガトビハムシ,,,,,,,Orthaltica okinawana,不明,,ハムシ目録データベース
H179,Chrysomelidae,ハムシ科,Alticinae,ヒゲナガハムシ亜科,,,,,Orthaltica,,shirozui,,,,,ケナガトビハムシ,,,,,,,Orthaltica shirozui,不明,,ハムシ目録データベース
H180,Chrysomelidae,ハムシ科,Alticinae,ヒゲナガハムシ亜科,,,,,Parategyrius,,unicolor,,,,,ニセアシナガトビハムシ,,,,,,,Parategyrius unicolor,不明,,ハムシ目録データベース
H181,Chrysomelidae,ハムシ科,Alticinae,ヒゲナガハムシ亜科,,,,,Parazipangia,,okiana,,,,,ニセグミトビハムシ,,,,,,,Parazipangia okiana,不明,,ハムシ目録データベース
H182,Chrysomelidae,ハムシ科,Alticinae,ヒゲナガハムシ亜科,,,,,Philopona,,vibex,,,,,タマアシトビハムシ,,,,,,,Philopona vibex,不明,,ハムシ目録データベース
H183,Chrysomelidae,ハムシ科,Alticinae,ヒゲナガハムシ亜科,,,,,Phygasia,,fulvipennis,,,,,チャバネツヤハムシ,,,,,,,Phygasia fulvipennis,不明,,ハムシ目録データベース
H184,Chrysomelidae,ハムシ科,Alticinae,ヒゲナガハムシ亜科,,,,,Phyllotreta,,chujoe,,,,,チュウジョウキスジノミハムシ,,,,,,,Phyllotreta chujoe,不明,,ハムシ目録データベース
H185,Chrysomelidae,ハムシ科,Alticinae,ヒゲナガハムシ亜科,,,,,Phyllotreta,,ezoensis,,,,,ムモンキスジノミハムシ,,,,,,,Phyllotreta ezoensis,不明,,ハムシ目録データベース
H186,Chrysomelidae,ハムシ科,Alticinae,ヒゲナガハムシ亜科,,,,,Phyllotreta,,ochripes,,,,,キアシキスジノミハムシ,,,,,,,Phyllotreta ochripes,不明,,ハムシ目録データベース
H187,Chrysomelidae,ハムシ科,Alticinae,ヒゲナガハムシ亜科,,,,,Phyllotreta,,rectilineata,,,,,ホソキスジノミハムシ,,,,,,,Phyllotreta rectilineata,不明,,ハムシ目録データベース
H188,Chrysomelidae,ハムシ科,Alticinae,ヒゲナガハムシ亜科,,,,,Phyllotreta,,shirahatai,,,,,シラハタキスジノミハムシ,,,,,,,Phyllotreta shirahatai,不明,,ハムシ目録データベース
H189,Chrysomelidae,ハムシ科,Alticinae,ヒゲナガハムシ亜科,,,,,Phyllotreta,,striolata,,,,,キスジノミハムシ,,,,,,,Phyllotreta striolata,ダイコン、カブなど,,ハムシハンドブック
H190,Chrysomelidae,ハムシ科,Alticinae,ヒゲナガハムシ亜科,,,,,Podagricomela,,weisei,,,,,カラタチトビハムシ,,,,,,,Podagricomela weisei,不明,,ハムシ目録データベース
H191,Chrysomelidae,ハムシ科,Alticinae,ヒゲナガハムシ亜科,,,,,Podontia,,quatordecimpunctata,,,,,ジュウシホシキイロオオハムシ,,,,,,,Podontia quatordecimpunctata,不明,,ハムシ目録データベース
H192,Chrysomelidae,ハムシ科,Alticinae,ヒゲナガハムシ亜科,,,,,Pseudodera,,xanthospila,,,,,フタホシオオノミハムシ,,,,,,,Pseudodera xanthospila,サルトリイバラ,,ハムシハンドブック
H193,Chrysomelidae,ハムシ科,Alticinae,ヒゲナガハムシ亜科,,,,,Pseudoliprus,,hirtus,,,,,クビボソトビハムシ,,,,,,,Pseudoliprus hirtus,不明,,ハムシ目録データベース
H194,Chrysomelidae,ハムシ科,Alticinae,ヒゲナガハムシ亜科,,,,,Pseudoliprus,,komiyai,,,,,コミヤクビボソトビハムシ,,,,,,,Pseudoliprus komiyai,不明,,ハムシ目録データベース
H195,Chrysomelidae,ハムシ科,Alticinae,ヒゲナガハムシ亜科,,,,,Pseudoliprus,,kurosawai,,,,,クロサワクビボソトビハムシ,,,,,,,Pseudoliprus kurosawai,不明,,ハムシ目録データベース
H196,Chrysomelidae,ハムシ科,Alticinae,ヒゲナガハムシ亜科,,,,,Pseudoliprus,,nigritus,,,,,アラメクビボソトビハムシ,,,,,,,Pseudoliprus nigritus,不明,,ハムシ目録データベース
H197,Chrysomelidae,ハムシ科,Alticinae,ヒゲナガハムシ亜科,,,,,Pseudoliprus,,nigritus,,,,,アラメクビボソトビハムシ　伊豆諸島亜種,,,,,,,Pseudoliprus nigritus,不明,,ハムシ目録データベース
H198,Chrysomelidae,ハムシ科,Alticinae,ヒゲナガハムシ亜科,,,,,Pseudoliprus,,suturalis,,,,,セスジクビボソトビハムシ,,,,,,,Pseudoliprus suturalis,不明,,ハムシ目録データベース
H199,Chrysomelidae,ハムシ科,Alticinae,ヒゲナガハムシ亜科,,,,,Psylliodes,,(Psylliodes),,,,,アサトビハムシ,,,,,,,Psylliodes (Psylliodes),不明,,ハムシ目録データベース
H200,Chrysomelidae,ハムシ科,Alticinae,ヒゲナガハムシ亜科,,,,,Psylliodes,,(Psylliodes),,,,,ベーリーナガスネトビハムシ,,,,,,,Psylliodes (Psylliodes),不明,,ハムシ目録データベース
H201,Chrysomelidae,ハムシ科,Alticinae,ヒゲナガハムシ亜科,,,,,Psylliodes,,(Psylliodes),,,,,ルリナガスネトビハムシ,,,,,,,Psylliodes (Psylliodes),不明,,ハムシ目録データベース
H202,Chrysomelidae,ハムシ科,Alticinae,ヒゲナガハムシ亜科,,,,,Psylliodes,,(Psylliodes),,,,,チュウジョウナガスネトビハムシ,,,,,,,Psylliodes (Psylliodes),不明,,ハムシ目録データベース
H203,Chrysomelidae,ハムシ科,Alticinae,ヒゲナガハムシ亜科,,,,,Psylliodes,,(Psylliodes),,,,,ナトビハムシ,,,,,,,Psylliodes (Psylliodes),アブラナ科植物,,ハムシハンドブック
H204,Chrysomelidae,ハムシ科,Alticinae,ヒゲナガハムシ亜科,,,,,Psylliodes,,(Psylliodes),,,,,ヒロアシナガスネトビハムシ,,,,,,,Psylliodes (Psylliodes),不明,,ハムシ目録データベース
H205,Chrysomelidae,ハムシ科,Alticinae,ヒゲナガハムシ亜科,,,,,Psylliodes,,(Psylliodes),,,,,ダイコンナガスネトビハムシ,,,,,,,Psylliodes (Psylliodes),不明,,ハムシ目録データベース
H206,Chrysomelidae,ハムシ科,Alticinae,ヒゲナガハムシ亜科,,,,,Psylliodes,,(Psylliodes),,,,,ナスナガスネトビハムシ,,,,,,,Psylliodes (Psylliodes),不明,,ハムシ目録データベース
H207,Chrysomelidae,ハムシ科,Alticinae,ヒゲナガハムシ亜科,,,,,Psylliodes,,(Semicnema),,,,,キイロナガスネトビハムシ,,,,,,,Psylliodes (Semicnema),不明,,ハムシ目録データベース
H208,Chrysomelidae,ハムシ科,Alticinae,ヒゲナガハムシ亜科,,,,,Sangariola,,punctatostriata,,,,,カタクリハムシ,,,,,,,Sangariola punctatostriata,不明,,ハムシ目録データベース
H209,Chrysomelidae,ハムシ科,Alticinae,ヒゲナガハムシ亜科,,,,,Sphaeroderma,,akebia,,,,,アケビタマノミハムシ,,,,,,,Sphaeroderma akebia,不明,,ハムシ目録データベース
H210,Chrysomelidae,ハムシ科,Alticinae,ヒゲナガハムシ亜科,,,,,Sphaeroderma,,apicale,,,,,ツマキタマノミハムシ,,,,,,,Sphaeroderma apicale,不明,,ハムシ目録データベース
H211,Chrysomelidae,ハムシ科,Alticinae,ヒゲナガハムシ亜科,,,,,Sphaeroderma,,atrum,,,,,クロタマノミハムシ,,,,,,,Sphaeroderma atrum,不明,,ハムシ目録データベース
H212,Chrysomelidae,ハムシ科,Alticinae,ヒゲナガハムシ亜科,,,,,Sphaeroderma,,balyi,,,,,フキタマノミハムシ,,,,,,,Sphaeroderma balyi,不明,,ハムシ目録データベース
H213,Chrysomelidae,ハムシ科,Alticinae,ヒゲナガハムシ亜科,,,,,Sphaeroderma,,flavonotatum,,,,,キモンタマノミハムシ,,,,,,,Sphaeroderma flavonotatum,不明,,ハムシ目録データベース
H214,Chrysomelidae,ハムシ科,Alticinae,ヒゲナガハムシ亜科,,,,,Sphaeroderma,,fulvoapicale,,,,,リュウキュウツマキマルノミハムシ,,,,,,,Sphaeroderma fulvoapicale,不明,,ハムシ目録データベース
H215,Chrysomelidae,ハムシ科,Alticinae,ヒゲナガハムシ亜科,,,,,Sphaeroderma,,inaizumii,,,,,イナイズミタマノミハムシ,,,,,,,Sphaeroderma inaizumii,不明,,ハムシ目録データベース
H216,Chrysomelidae,ハムシ科,Alticinae,ヒゲナガハムシ亜科,,,,,Sphaeroderma,,japanum,,,,,ヒゲナガタマノミハムシ,,,,,,,Sphaeroderma japanum,不明,,ハムシ目録データベース
H217,Chrysomelidae,ハムシ科,Alticinae,ヒゲナガハムシ亜科,,,,,Sphaeroderma,,kuroashi,,,,,クロアシタマノミハムシ,,,,,,,Sphaeroderma kuroashi,不明,,ハムシ目録データベース
H218,Chrysomelidae,ハムシ科,Alticinae,ヒゲナガハムシ亜科,,,,,Sphaeroderma,,morimotoi,,,,,モリモトタマノミハムシ,,,,,,,Sphaeroderma morimotoi,不明,,ハムシ目録データベース
H219,Chrysomelidae,ハムシ科,Alticinae,ヒゲナガハムシ亜科,,,,,Sphaeroderma,,nigricolle,,,,,アカバネタマノミハムシ,,,,,,,Sphaeroderma nigricolle,不明,,ハムシ目録データベース
H220,Chrysomelidae,ハムシ科,Alticinae,ヒゲナガハムシ亜科,,,,,Sphaeroderma,,obscurum,,,,,ウスグロタマノミハムシ,,,,,,,Sphaeroderma obscurum,不明,,ハムシ目録データベース
H221,Chrysomelidae,ハムシ科,Alticinae,ヒゲナガハムシ亜科,,,,,Sphaeroderma,,ohkuboi,,,,,ヘリグロタマノミハムシ,,,,,,,Sphaeroderma ohkuboi,不明,,ハムシ目録データベース
H222,Chrysomelidae,ハムシ科,Alticinae,ヒゲナガハムシ亜科,,,,,Sphaeroderma,,placidum,,,,,ムネアカタマノミハムシ,,,,,,,Sphaeroderma placidum,不明,,ハムシ目録データベース
H223,Chrysomelidae,ハムシ科,Alticinae,ヒゲナガハムシ亜科,,,,,Sphaeroderma,,quadrimaculatum,,,,,ヨツモンタマノミハムシ,,,,,,,Sphaeroderma quadrimaculatum,不明,,ハムシ目録データベース
H224,Chrysomelidae,ハムシ科,Alticinae,ヒゲナガハムシ亜科,,,,,Sphaeroderma,,separatum,,,,,ヒメアオタマノミハムシ,,,,,,,Sphaeroderma separatum,不明,,ハムシ目録データベース
H225,Chrysomelidae,ハムシ科,Alticinae,ヒゲナガハムシ亜科,,,,,Sphaeroderma,,seriatum,,,,,ヌカキビタマトビハムシ,,,,,,,Sphaeroderma seriatum,不明,,ハムシ目録データベース
H226,Chrysomelidae,ハムシ科,Alticinae,ヒゲナガハムシ亜科,,,,,Sphaeroderma,,tarsatum,,,,,ヒロアシタマノミハムシ,,,,,,,Sphaeroderma tarsatum,不明,,ハムシ目録データベース
H227,Chrysomelidae,ハムシ科,Alticinae,ヒゲナガハムシ亜科,,,,,Sphaeroderma,,unicolor,,,,,キイロタマノミハムシ,,,,,,,Sphaeroderma unicolor,不明,,ハムシ目録データベース
H228,Chrysomelidae,ハムシ科,Alticinae,ヒゲナガハムシ亜科,,,,,Stenoluperus,,bicarinatus,,,,,チビウスバハムシ,,,,,,,Stenoluperus bicarinatus,不明,,ハムシ目録データベース
H229,Chrysomelidae,ハムシ科,Alticinae,ヒゲナガハムシ亜科,,,,,Stenoluperus,,cyaneus,,,,,ルリウスバハムシ,,,,,,,Stenoluperus cyaneus,不明,,ハムシ目録データベース
H230,Chrysomelidae,ハムシ科,Alticinae,ヒゲナガハムシ亜科,,,,,Stenoluperus,,nipponensis,,,,,ヒゲナガウスバハムシ,,,,,,,Stenoluperus nipponensis,不明,,ハムシ目録データベース
H231,Chrysomelidae,ハムシ科,Alticinae,ヒゲナガハムシ亜科,,,,,Trachytetra,,amamiana,,,,,アマミアラハダトビハムシ,,,,,,,Trachytetra amamiana,不明,,ハムシ目録データベース
H232,Chrysomelidae,ハムシ科,Alticinae,ヒゲナガハムシ亜科,,,,,Trachytetra,,collaris,,,,,コゲチャアラハダトビハムシ,,,,,,,Trachytetra collaris,不明,,ハムシ目録データベース
H233,Chrysomelidae,ハムシ科,Alticinae,ヒゲナガハムシ亜科,,,,,Trachytetra,,imasakai,,,,,イマサカアラハダトビハムシ,,,,,,,Trachytetra imasakai,不明,,ハムシ目録データベース
H234,Chrysomelidae,ハムシ科,Alticinae,ヒゲナガハムシ亜科,,,,,Trachytetra,,lewisi,,,,,アラハダトビハムシ,,,,,,,Trachytetra lewisi,不明,,ハムシ目録データベース
H235,Chrysomelidae,ハムシ科,Alticinae,ヒゲナガハムシ亜科,,,,,Trachytetra,,nigricornis,,,,,クロヒゲアラハダトビハムシ,,,,,,,Trachytetra nigricornis,不明,,ハムシ目録データベース
H236,Chrysomelidae,ハムシ科,Alticinae,ヒゲナガハムシ亜科,,,,,Trachytetra,,nigrita,,,,,クロアラハダトビハムシ,,,,,,,Trachytetra nigrita,不明,,ハムシ目録データベース
H237,Chrysomelidae,ハムシ科,Alticinae,ヒゲナガハムシ亜科,,,,,Trachytetra,,nishii,,,,,ニシアラハダトビハムシ,,,,,,,Trachytetra nishii,不明,,ハムシ目録データベース
H238,Chrysomelidae,ハムシ科,Alticinae,ヒゲナガハムシ亜科,,,,,Trachytetra,,obscura,,,,,ガマズミトビハムシ,,,,,,,Trachytetra obscura,ガマズミ、ヤブウツギ,,ハムシハンドブック
H239,Chrysomelidae,ハムシ科,Alticinae,ヒゲナガハムシ亜科,,,,,Trachytetra,,okinawana,,,,,オキナワアラハダトビハムシ,,,,,,,Trachytetra okinawana,不明,,ハムシ目録データベース
H240,Chrysomelidae,ハムシ科,Alticinae,ヒゲナガハムシ亜科,,,,,Trachytetra,,sordida,,,,,ヒゲナガアラハダトビハムシ,,,,,,,Trachytetra sordida,不明,,ハムシ目録データベース
H241,Chrysomelidae,ハムシ科,Alticinae,ヒゲナガハムシ亜科,,,,,Zipanginia,,bungoensis,,,,,キュウシュウグミトビハムシ,,,,,,,Zipanginia bungoensis,不明,,ハムシ目録データベース
H242,Chrysomelidae,ハムシ科,Alticinae,ヒゲナガハムシ亜科,,,,,Zipanginia,,iwatensis,,,,,ホオノキコミヤトビハムシ,,,,,,,Zipanginia iwatensis,不明,,ハムシ目録データベース
H243,Chrysomelidae,ハムシ科,Alticinae,ヒゲナガハムシ亜科,,,,,Zipanginia,,loochooensis,,,,,リュウキュウグミトビハムシ,,,,,,,Zipanginia loochooensis,不明,,ハムシ目録データベース
H244,Chrysomelidae,ハムシ科,Alticinae,ヒゲナガハムシ亜科,,,,,Zipanginia,,miyatakei,,,,,ムネアカグミトビハムシ,,,,,,,Zipanginia miyatakei,不明,,ハムシ目録データベース
H245,Chrysomelidae,ハムシ科,Alticinae,ヒゲナガハムシ亜科,,,,,Zipanginia,,picipes,,,,,チビカミナリハムシ,,,,,,,Zipanginia picipes,不明,,ハムシ目録データベース
H246,Chrysomelidae,ハムシ科,Alticinae,ヒゲナガハムシ亜科,,,,,Zipanginia,,picipes,,,,,チビカミナリハムシ　亜種,,,,,,,Zipanginia picipes,不明,,ハムシ目録データベース
H247,Chrysomelidae,ハムシ科,Alticinae,ヒゲナガハムシ亜科,,,,,Zipanginia,,sakishimana,,,,,サキシマグミトビハムシ,,,,,,,Zipanginia sakishimana,不明,,ハムシ目録データベース
H248,Chrysomelidae,ハムシ科,Alticinae,ヒゲナガハムシ亜科,,,,,Zipanginia,,tosana,,,,,シコクグミトビハムシ,,,,,,,Zipanginia tosana,不明,,ハムシ目録データベース
H249,Chrysomelidae,ハムシ科,Alticinae,ヒゲナガハムシ亜科,,,,,Zipanginia,,tuberosa,,,,,シリダコグミトビハムシ,,,,,,,Zipanginia tuberosa,不明,,ハムシ目録データベース
H250,Chrysomelidae,ハムシ科,Alticinae,ヒゲナガハムシ亜科,,,,,Apophylia,,elongata,,,,,オキナワアオバホソハムシ,,,,,,,Apophylia elongata,不明,,ハムシ目録データベース
H251,Chrysomelidae,ハムシ科,Alticinae,ヒゲナガハムシ亜科,,,,,Apophylia,,nigriceps,,,,,ヒメアオバホソハムシ,,,,,,,Apophylia nigriceps,不明,,ハムシ目録データベース
H252,Chrysomelidae,ハムシ科,Alticinae,ヒゲナガハムシ亜科,,,,,Apophylia,,viridipennis,,,,,アオバホソハムシ,,,,,,,Apophylia viridipennis,不明,,ハムシ目録データベース
H253,Chrysomelidae,ハムシ科,Alticinae,ヒゲナガハムシ亜科,,,,,Chujoa,,uetsukii,,,,,ウエツキブナハムシ,,,,,,,Chujoa uetsukii,不明,,ハムシ目録データベース
H254,Chrysomelidae,ハムシ科,Alticinae,ヒゲナガハムシ亜科,,,,,Galeruca,,(Galeruca),,,,,アザミオオハムシ,,,,,,,Galeruca (Galeruca),アザミ類,,ハムシハンドブック
H255,Chrysomelidae,ハムシ科,Alticinae,ヒゲナガハムシ亜科,,,,,Galeruca,,(Galeruca),,,,,ネギオオアラメハムシ,,,,,,,Galeruca (Galeruca),不明,,ハムシ目録データベース
H256,Chrysomelidae,ハムシ科,Alticinae,ヒゲナガハムシ亜科,,,,,Galeruca,,(Galeruca),,,,,スジグロオオハムシ,,,,,,,Galeruca (Galeruca),不明,,ハムシ目録データベース
H257,Chrysomelidae,ハムシ科,Alticinae,ヒゲナガハムシ亜科,,,,,Galeruca,,(Galeruca),,,,,スミイロオオアラメハムシ,,,,,,,Galeruca (Galeruca),不明,,ハムシ目録データベース
H258,Chrysomelidae,ハムシ科,Alticinae,ヒゲナガハムシ亜科,,,,,Galerucella,,(Galerucella),,,,,チュウジョウヒゲナガハムシ,,,,,,,Galerucella (Galerucella),不明,,ハムシ目録データベース
H259,Chrysomelidae,ハムシ科,Alticinae,ヒゲナガハムシ亜科,,,,,Galerucella,,(Galerucella),,,,,イチゴハムシ,,,,,,,Galerucella (Galerucella),キジムシロ、ミツバツチグリ、オヘビイチゴなど,,ハムシハンドブック
H260,Chrysomelidae,ハムシ科,Alticinae,ヒゲナガハムシ亜科,,,,,Galerucella,,(Galerucella),,,,,ジュンサイハムシ,,,,,,,Galerucella (Galerucella),不明,,ハムシ目録データベース
H261,Chrysomelidae,ハムシ科,Alticinae,ヒゲナガハムシ亜科,,,,,Galerucella,,(Galerucella),,,,,オオクラヒゲナガハムシ,,,,,,,Galerucella (Galerucella),不明,,ハムシ目録データベース
H262,Chrysomelidae,ハムシ科,Alticinae,ヒゲナガハムシ亜科,,,,,Galerucella,,(Galerucella),,,,,オゼタデハムシ,,,,,,,Galerucella (Galerucella),不明,,ハムシ目録データベース
H263,Chrysomelidae,ハムシ科,Alticinae,ヒゲナガハムシ亜科,,,,,Galerucella,,(Neogalerucella),,,,,ミソハギハムシ,,,,,,,Galerucella (Neogalerucella),不明,,ハムシ目録データベース
H264,Chrysomelidae,ハムシ科,Alticinae,ヒゲナガハムシ亜科,,,,,Galerucella,,(Neogalerucella),,,,,ハシバミハムシ,,,,,,,Galerucella (Neogalerucella),不明,,ハムシ目録データベース
H265,Chrysomelidae,ハムシ科,Alticinae,ヒゲナガハムシ亜科,,,,,Lochmaea,,caprea,,,,,ズグロアラメハムシ,,,,,,,Lochmaea caprea,不明,,ハムシ目録データベース
H266,Chrysomelidae,ハムシ科,Alticinae,ヒゲナガハムシ亜科,,,,,Menippus,,doeberli,,,,,オキナワウスバハムシ,,,,,,,Menippus doeberli,不明,,ハムシ目録データベース
H267,Chrysomelidae,ハムシ科,Alticinae,ヒゲナガハムシ亜科,,,,,Menippus,,issikii,,,,,アマミウスバハムシ,,,,,,,Menippus issikii,不明,,ハムシ目録データベース
H268,Chrysomelidae,ハムシ科,Alticinae,ヒゲナガハムシ亜科,,,,,Menippus,,sakishimanus,,,,,サキシマウスバハムシ,,,,,,,Menippus sakishimanus,不明,,ハムシ目録データベース
H269,Chrysomelidae,ハムシ科,Alticinae,ヒゲナガハムシ亜科,,,,,Ophraella,,communa,,,,,ブタクサハムシ,,,,,,,Ophraella communa,ブタクサ,,ハムシハンドブック
H270,Chrysomelidae,ハムシ科,Alticinae,ヒゲナガハムシ亜科,,,,,Pyrrhalta,,annulicornis,,,,,ブチヒゲケブカハムシ,,,,,,,Pyrrhalta annulicornis,ガマズミ,,ハムシハンドブック
H271,Chrysomelidae,ハムシ科,Alticinae,ヒゲナガハムシ亜科,,,,,Pyrrhalta,,esakii,,,,,エグリバケブカハムシ,,,,,,,Pyrrhalta esakii,不明,,ハムシ目録データベース
H272,Chrysomelidae,ハムシ科,Alticinae,ヒゲナガハムシ亜科,,,,,Pyrrhalta,,fuscipennis,,,,,イタヤハムシ,,,,,,,Pyrrhalta fuscipennis,カエデ類,,ハムシハンドブック
H273,Chrysomelidae,ハムシ科,Alticinae,ヒゲナガハムシ亜科,,,,,Pyrrhalta,,kawashimai,,,,,カワシマケブカハムシ,,,,,,,Pyrrhalta kawashimai,不明,,ハムシ目録データベース
H274,Chrysomelidae,ハムシ科,Alticinae,ヒゲナガハムシ亜科,,,,,Pyrrhalta,,konishii,,,,,コニシケブカハムシ,,,,,,,Pyrrhalta konishii,不明,,ハムシ目録データベース
H275,Chrysomelidae,ハムシ科,Alticinae,ヒゲナガハムシ亜科,,,,,Pyrrhalta,,lineatipes,,,,,サンゴジュハムシ,,,,,,,Pyrrhalta lineatipes,サンゴジュ,,ハムシハンドブック
H276,Chrysomelidae,ハムシ科,Alticinae,ヒゲナガハムシ亜科,,,,,Pyrrhalta,,semifulva,,,,,アカタデハムシ,,,,,,,Pyrrhalta semifulva,不明,,ハムシ目録データベース
H277,Chrysomelidae,ハムシ科,Alticinae,ヒゲナガハムシ亜科,,,,,Pyrrhalta,,takeii,,,,,オオサクラケブカハムシ,,,,,,,Pyrrhalta takeii,不明,,ハムシ目録データベース
H278,Chrysomelidae,ハムシ科,Alticinae,ヒゲナガハムシ亜科,,,,,Pyrrhalta,,tibialis,,,,,エノキハムシ,,,,,,,Pyrrhalta tibialis,エノキ,,ハムシハンドブック
H279,Chrysomelidae,ハムシ科,Alticinae,ヒゲナガハムシ亜科,,,,,Pyrrhalta,,yasumatsui,,,,,ヤスマツケブカハムシ,,,,,,,Pyrrhalta yasumatsui,不明,,ハムシ目録データベース
H280,Chrysomelidae,ハムシ科,Alticinae,ヒゲナガハムシ亜科,,,,,Pyrrhalta,,yoshimotoi,,,,,ヨシモトケブカハムシ,,,,,,,Pyrrhalta yoshimotoi,不明,,ハムシ目録データベース
H281,Chrysomelidae,ハムシ科,Alticinae,ヒゲナガハムシ亜科,,,,,Xanthogaleruca,,maculicollis,,,,,ニレハムシ,,,,,,,Xanthogaleruca maculicollis,ケヤキ,,ハムシハンドブック
H282,Chrysomelidae,ハムシ科,Alticinae,ヒゲナガハムシ亜科,,,,,Xanthogaleruca,,nigromarginata,,,,,クロヘリウスチャハムシ,,,,,,,Xanthogaleruca nigromarginata,不明,,ハムシ目録データベース
H283,Chrysomelidae,ハムシ科,Alticinae,ヒゲナガハムシ亜科,,,,,Xanthogaleruca,,seminigra,,,,,カエデハムシ,,,,,,,Xanthogaleruca seminigra,不明,,ハムシ目録データベース
H284,Chrysomelidae,ハムシ科,Alticinae,ヒゲナガハムシ亜科,,,,,Agelasa,,nigriceps,,,,,キクビアオハムシ,,,,,,,Agelasa nigriceps,不明,,ハムシ目録データベース
H285,Chrysomelidae,ハムシ科,Alticinae,ヒゲナガハムシ亜科,,,,,Agelastica,,coerulea,,,,,ハンノキハムシ,,,,,,,Agelastica coerulea,ハンノキ,,ハムシハンドブック
H286,Chrysomelidae,ハムシ科,Alticinae,ヒゲナガハムシ亜科,,,,,Arthrotus,,niger,,,,,ムナグロツヤハムシ,,,,,,,Arthrotus niger,ハンノキ、ヤシャブシ、イタヤカエデ,,ハムシハンドブック
H287,Chrysomelidae,ハムシ科,Alticinae,ヒゲナガハムシ亜科,,,,,Dercetina,,azumai,,,,,アオバヒゲナガハムシ,,,,,,,Dercetina azumai,不明,,ハムシ目録データベース
H288,Chrysomelidae,ハムシ科,Alticinae,ヒゲナガハムシ亜科,,,,,Gallerucida,,bifasciata,,,,,イタドリハムシ,,,,,,,Gallerucida bifasciata,イタドリ,,ハムシハンドブック
H289,Chrysomelidae,ハムシ科,Alticinae,ヒゲナガハムシ亜科,,,,,Gallerucida,,flavipennis,,,,,ズグロアカハムシ,,,,,,,Gallerucida flavipennis,不明,,ハムシ目録データベース
H290,Chrysomelidae,ハムシ科,Alticinae,ヒゲナガハムシ亜科,,,,,Gallerucida,,lewisi,,,,,ムツキボシハムシ,,,,,,,Gallerucida lewisi,不明,,ハムシ目録データベース
H291,Chrysomelidae,ハムシ科,Alticinae,ヒゲナガハムシ亜科,,,,,Gallerucida,,oshimana,,,,,アマミカバイロハムシ,,,,,,,Gallerucida oshimana,不明,,ハムシ目録データベース
H292,Chrysomelidae,ハムシ科,Alticinae,ヒゲナガハムシ亜科,,,,,Hamushia,,eburata,,,,,ヨツキボシハムシ,,,,,,,Hamushia eburata,不明,,ハムシ目録データベース
H293,Chrysomelidae,ハムシ科,Alticinae,ヒゲナガハムシ亜科,,,,,Hamushia,,konishii,,,,,ヨモギモンキハムシ,,,,,,,Hamushia konishii,不明,,ハムシ目録データベース
H294,Chrysomelidae,ハムシ科,Alticinae,ヒゲナガハムシ亜科,,,,,Morphosphaera,,caerulea,,,,,オキナワイチモンジハムシ,,,,,,,Morphosphaera caerulea,不明,,ハムシ目録データベース
H295,Chrysomelidae,ハムシ科,Alticinae,ヒゲナガハムシ亜科,,,,,Morphosphaera,,japonica,,,,,イチモンジハムシ,,,,,,,Morphosphaera japonica,イチモンジカズラ,,ハムシハンドブック
H296,Chrysomelidae,ハムシ科,Alticinae,ヒゲナガハムシ亜科,,,,,Sphenoraia,,intermedia,,,,,アオバノコヒゲハムシ,,,,,,,Sphenoraia intermedia,不明,,ハムシ目録データベース
H297,Chrysomelidae,ハムシ科,Alticinae,ヒゲナガハムシ亜科,,,,,Atrachya,,flavomaculata,,,,,モンキウリハムシモドキ,,,,,,,Atrachya flavomaculata,不明,,ハムシ目録データベース
H298,Chrysomelidae,ハムシ科,Alticinae,ヒゲナガハムシ亜科,,,,,Atrachya,,menetriesi,,,,,ウリハムシモドキ,,,,,,,Atrachya menetriesi,不明,,ハムシ目録データベース
H299,Chrysomelidae,ハムシ科,Alticinae,ヒゲナガハムシ亜科,,,,,Aulacophora,,bicolor,,,,,フタイロウリハムシ,,,,,,,Aulacophora bicolor,不明,,ハムシ目録データベース
H300,Chrysomelidae,ハムシ科,Alticinae,ヒゲナガハムシ亜科,,,,,Aulacophora,,indica,,,,,ウリハムシ,,,,,,,Aulacophora indica,カボチャ (ウリ類),,ハムシハンドブック
H301,Chrysomelidae,ハムシ科,Alticinae,ヒゲナガハムシ亜科,,,,,Aulacophora,,lewisii,,,,,ヒメクロウリハムシ,,,,,,,Aulacophora lewisii,不明,,ハムシ目録データベース
H302,Chrysomelidae,ハムシ科,Alticinae,ヒゲナガハムシ亜科,,,,,Aulacophora,,loochooensis,,,,,ルリバネウリハムシ,,,,,,,Aulacophora loochooensis,不明,,ハムシ目録データベース
H303,Chrysomelidae,ハムシ科,Alticinae,ヒゲナガハムシ亜科,,,,,Aulacophora,,nigripennis,,,,,クロウリハムシ,,,,,,,Aulacophora nigripennis,不明,,ハムシ目録データベース
H304,Chrysomelidae,ハムシ科,Alticinae,ヒゲナガハムシ亜科,,,,,Aulacophora,,nigripennis,,,,,クロウリハムシ　奄美沖縄亜種,,,,,,,Aulacophora nigripennis,不明,,ハムシ目録データベース
H305,Chrysomelidae,ハムシ科,Alticinae,ヒゲナガハムシ亜科,,,,,Aulacophora,,nigripennis,,,,,クロウリハムシ　伊豆諸島亜種,,,,,,,Aulacophora nigripennis,不明,,ハムシ目録データベース
H306,Chrysomelidae,ハムシ科,Alticinae,ヒゲナガハムシ亜科,,,,,Cerophysa,,miyatakei,,,,,オキナワヒメナガハムシ,,,,,,,Cerophysa miyatakei,不明,,ハムシ目録データベース
H307,Chrysomelidae,ハムシ科,Alticinae,ヒゲナガハムシ亜科,,,,,Cerophysa,,tibialis,,,,,クロバヒゲナガハムシ,,,,,,,Cerophysa tibialis,不明,,ハムシ目録データベース
H308,Chrysomelidae,ハムシ科,Alticinae,ヒゲナガハムシ亜科,,,,,Cerophysella,,basalis,,,,,カクムネヒゲナガハムシ,,,,,,,Cerophysella basalis,不明,,ハムシ目録データベース
H309,Chrysomelidae,ハムシ科,Alticinae,ヒゲナガハムシ亜科,,,,,Charaea,,costatum,,,,,アトスジヒメハムシ,,,,,,,Charaea costatum,不明,,ハムシ目録データベース
H310,Chrysomelidae,ハムシ科,Alticinae,ヒゲナガハムシ亜科,,,,,Clerotilia,,flavomarginata,,,,,キアシヒゲナガアオハムシ,,,,,,,Clerotilia flavomarginata,クマヤナギ,,ハムシハンドブック
H311,Chrysomelidae,ハムシ科,Alticinae,ヒゲナガハムシ亜科,,,,,Cneorane,,elegans,,,,,キムネアオハムシ,,,,,,,Cneorane elegans,不明,,ハムシ目録データベース
H312,Chrysomelidae,ハムシ科,Alticinae,ヒゲナガハムシ亜科,,,,,Epaenidea,,elegans,,,,,アオバヒメハムシ,,,,,,,Epaenidea elegans,不明,,ハムシ目録データベース
H313,Chrysomelidae,ハムシ科,Alticinae,ヒゲナガハムシ亜科,,,,,Epaenidea,,reoi,,,,,ケラマヒメハムシ,,,,,,,Epaenidea reoi,不明,,ハムシ目録データベース
H314,Chrysomelidae,ハムシ科,Alticinae,ヒゲナガハムシ亜科,,,,,Epiluperodes,,ryukyuana,,,,,キイロヒメハムシ,,,,,,,Epiluperodes ryukyuana,不明,,ハムシ目録データベース
H315,Chrysomelidae,ハムシ科,Alticinae,ヒゲナガハムシ亜科,,,,,Euliroetis,,abdominalis,,,,,クロバハラグリハムシ,,,,,,,Euliroetis abdominalis,不明,,ハムシ目録データベース
H316,Chrysomelidae,ハムシ科,Alticinae,ヒゲナガハムシ亜科,,,,,Euliroetis,,nigripes,,,,,クロアシハラグリハムシ,,,,,,,Euliroetis nigripes,不明,,ハムシ目録データベース
H317,Chrysomelidae,ハムシ科,Alticinae,ヒゲナガハムシ亜科,,,,,Euliroetis,,ornata,,,,,シロモンハラグリハムシ,,,,,,,Euliroetis ornata,不明,,ハムシ目録データベース
H318,Chrysomelidae,ハムシ科,Alticinae,ヒゲナガハムシ亜科,,,,,Fleutiauxia,,armata,,,,,クワハムシ,,,,,,,Fleutiauxia armata,不明,,ハムシ目録データベース
H319,Chrysomelidae,ハムシ科,Alticinae,ヒゲナガハムシ亜科,,,,,Haplosomoides,,costata,,,,,ホソセスジハムシ,,,,,,,Haplosomoides costata,不明,,ハムシ目録データベース
H320,Chrysomelidae,ハムシ科,Alticinae,ヒゲナガハムシ亜科,,,,,Haplosomoides,,miyamotoi,,,,,キセスジハムシ,,,,,,,Haplosomoides miyamotoi,不明,,ハムシ目録データベース
H321,Chrysomelidae,ハムシ科,Alticinae,ヒゲナガハムシ亜科,,,,,Hesperomorpha,,hirsuta,,,,,ケブカクロナガハムシ,,,,,,,Hesperomorpha hirsuta,不明,,ハムシ目録データベース
H322,Chrysomelidae,ハムシ科,Alticinae,ヒゲナガハムシ亜科,,,,,Japonitata,,nigrita,,,,,クロセスジハムシ,,,,,,,Japonitata nigrita,不明,,ハムシ目録データベース
H323,Chrysomelidae,ハムシ科,Alticinae,ヒゲナガハムシ亜科,,,,,Liroetis,,coeruleipennis,,,,,ルリバネナガハムシ,,,,,,,Liroetis coeruleipennis,不明,,ハムシ目録データベース
H324,Chrysomelidae,ハムシ科,Alticinae,ヒゲナガハムシ亜科,,,,,Luperus,,laricis,,,,,ムナキホソヒゲナガハムシ,,,,,,,Luperus laricis,不明,,ハムシ目録データベース
H325,Chrysomelidae,ハムシ科,Alticinae,ヒゲナガハムシ亜科,,,,,Luperus,,laricis,,,,,ムナキホソヒゲナガハムシ　本州亜種,,,,,,,Luperus laricis,不明,,ハムシ目録データベース
H326,Chrysomelidae,ハムシ科,Alticinae,ヒゲナガハムシ亜科,,,,,Luperus,,moorii,,,,,クロウスバハムシ,,,,,,,Luperus moorii,不明,,ハムシ目録データベース
H327,Chrysomelidae,ハムシ科,Alticinae,ヒゲナガハムシ亜科,,,,,Medythia,,nigrobilineata,,,,,フタスジヒメハムシ,,,,,,,Medythia nigrobilineata,不明,,ハムシ目録データベース
H328,Chrysomelidae,ハムシ科,Alticinae,ヒゲナガハムシ亜科,,,,,Medythia,,suturalis,,,,,フトスジヒメハムシ,,,,,,,Medythia suturalis,不明,,ハムシ目録データベース
H329,Chrysomelidae,ハムシ科,Alticinae,ヒゲナガハムシ亜科,,,,,Monolepta,,chujoi,,,,,コモンアシナガハムシ,,,,,,,Monolepta chujoi,不明,,ハムシ目録データベース
H330,Chrysomelidae,ハムシ科,Alticinae,ヒゲナガハムシ亜科,,,,,Monolepta,,dichroa,,,,,ホタルハムシ,,,,,,,Monolepta dichroa,ヨモギ、ヨメナ、タデ類,,ハムシハンドブック
H331,Chrysomelidae,ハムシ科,Alticinae,ヒゲナガハムシ亜科,,,,,Monolepta,,fulvicollis,,,,,アオバアシナガハムシ,,,,,,,Monolepta fulvicollis,不明,,ハムシ目録データベース
H332,Chrysomelidae,ハムシ科,Alticinae,ヒゲナガハムシ亜科,,,,,Monolepta,,hiurai,,,,,ヒウラアシナガハムシ,,,,,,,Monolepta hiurai,不明,,ハムシ目録データベース
H333,Chrysomelidae,ハムシ科,Alticinae,ヒゲナガハムシ亜科,,,,,Monolepta,,kurosawai,,,,,ムネアカウスイロハムシ,,,,,,,Monolepta kurosawai,不明,,ハムシ目録データベース
H334,Chrysomelidae,ハムシ科,Alticinae,ヒゲナガハムシ亜科,,,,,Monolepta,,minor,,,,,ヒメアシナガハムシ,,,,,,,Monolepta minor,不明,,ハムシ目録データベース
H335,Chrysomelidae,ハムシ科,Alticinae,ヒゲナガハムシ亜科,,,,,Monolepta,,miyamotoi,,,,,ミヤモトアシナガハムシ,,,,,,,Monolepta miyamotoi,不明,,ハムシ目録データベース
H336,Chrysomelidae,ハムシ科,Alticinae,ヒゲナガハムシ亜科,,,,,Monolepta,,nojiriensis,,,,,ヒメウスイロハムシ,,,,,,,Monolepta nojiriensis,不明,,ハムシ目録データベース
H337,Chrysomelidae,ハムシ科,Alticinae,ヒゲナガハムシ亜科,,,,,Monolepta,,pallidula,,,,,キイロクワハムシ,,,,,,,Monolepta pallidula,不明,,ハムシ目録データベース
H338,Chrysomelidae,ハムシ科,Alticinae,ヒゲナガハムシ亜科,,,,,Monolepta,,quadriguttata,,,,,モンキアシナガハムシ,,,,,,,Monolepta quadriguttata,不明,,ハムシ目録データベース
H339,Chrysomelidae,ハムシ科,Alticinae,ヒゲナガハムシ亜科,,,,,Monolepta,,sakishimana,,,,,サキシマアシナガハムシ,,,,,,,Monolepta sakishimana,不明,,ハムシ目録データベース
H340,Chrysomelidae,ハムシ科,Alticinae,ヒゲナガハムシ亜科,,,,,Monolepta,,shirozui,,,,,シロウズアシナガハムシ,,,,,,,Monolepta shirozui,不明,,ハムシ目録データベース
H341,Chrysomelidae,ハムシ科,Alticinae,ヒゲナガハムシ亜科,,,,,Paridea,,(Paridea),,,,,アトボシハムシ,,,,,,,Paridea (Paridea),アマチャヅル,,ハムシハンドブック
H342,Chrysomelidae,ハムシ科,Alticinae,ヒゲナガハムシ亜科,,,,,Paridea,,(Paridea),,,,,ヨツボシハムシ,,,,,,,Paridea (Paridea),シラヤマギク、ヨメナなど,,ハムシハンドブック
H343,Chrysomelidae,ハムシ科,Alticinae,ヒゲナガハムシ亜科,,,,,Taphinellina,,akkoae,,,,,ハラマダラヒメハムシ,,,,,,,Taphinellina akkoae,不明,,ハムシ目録データベース
H344,Chrysomelidae,ハムシ科,Alticinae,ヒゲナガハムシ亜科,,,,,Taphinellina,,amamiensis,,,,,アマミキバラヒメハムシ,,,,,,,Taphinellina amamiensis,不明,,ハムシ目録データベース
H345,Chrysomelidae,ハムシ科,Alticinae,ヒゲナガハムシ亜科,,,,,Taphinellina,,chujoi,,,,,ニセキバラヒメハムシ,,,,,,,Taphinellina chujoi,不明,,ハムシ目録データベース
H346,Chrysomelidae,ハムシ科,Alticinae,ヒゲナガハムシ亜科,,,,,Taphinellina,,cyanea,,,,,ハラグロヒメハムシ,,,,,,,Taphinellina cyanea,キブシ,,ハムシハンドブック
H347,Chrysomelidae,ハムシ科,Alticinae,ヒゲナガハムシ亜科,,,,,Taphinellina,,flaviventris,,,,,キバラヒメハムシ,,,,,,,Taphinellina flaviventris,不明,,ハムシ目録データベース
H348,Chrysomelidae,ハムシ科,Alticinae,ヒゲナガハムシ亜科,,,,,Taphinellina,,iniqua,,,,,ルリヒラタヒメハムシ,,,,,,,Taphinellina iniqua,不明,,ハムシ目録データベース
H349,Chrysomelidae,ハムシ科,Alticinae,ヒゲナガハムシ亜科,,,,,Taphinellina,,nobyi,,,,,オオルリヒメハムシ,,,,,,,Taphinellina nobyi,不明,,ハムシ目録データベース
H350,Chrysomelidae,ハムシ科,Alticinae,ヒゲナガハムシ亜科,,,,,Theopea,,aureoviridis,,,,,キンリョクヒゲナガハムシ,,,,,,,Theopea aureoviridis,不明,,ハムシ目録データベース
H351,Chrysomelidae,ハムシ科,Alticinae,ヒゲナガハムシ亜科,,,,,Oides,,bowringii,,,,,キベリハムシ,,,,,,,Oides bowringii,不明,,ハムシ目録データベース
H352,Chrysomelidae,ハムシ科,Criocerinae,ホソハムシ亜科,,,,,Syneta,,adamsi,,,,,カバノキハムシ,,,,,,,Syneta adamsi,不明,,ハムシ目録データベース
H353,Chrysomelidae,ハムシ科,Criocerinae,ホソハムシ亜科,,,,,Syneta,,brevitibialis,,,,,ヒメカバノキハムシ,,,,,,,Syneta brevitibialis,不明,,ハムシ目録データベース
H354,Chrysomelidae,ハムシ科,コガネハムシ亜科,コガネハムシ亜科,,,,,Sagra,,femorata,,,,,フェモラータモモブトハムシ,,,,,,,Sagra femorata,不明,,ハムシ目録データベース
H355,Chrysomelidae,ハムシ科,Bruchinae,マメゾウムシ亜科,,,,,Spermophagus,,rufiventris,,,,,イクビマメゾウムシ,,,,,,,Spermophagus rufiventris,クズ、フジ、ヌスビトハギなど,,ハムシハンドブック
H356,Chrysomelidae,ハムシ科,Bruchinae,マメゾウムシ亜科,,,,,Spermophagus,,testaceicolor,,,,,チャイロイクビマメゾウムシ,,,,,,,Spermophagus testaceicolor,不明,,ハムシ目録データベース
H357,Chrysomelidae,ハムシ科,Bruchinae,マメゾウムシ亜科,,,,,Zabrotes,,subfasciatus,,,,,ブラジルマメゾウムシ,,,,,,,Zabrotes subfasciatus,不明,,ハムシ目録データベース
H358,Chrysomelidae,ハムシ科,Bruchinae,マメゾウムシ亜科,,,,,Acanthoscelides,,griseolus,,,,,キョウトマメゾウムシ,,,,,,,Acanthoscelides griseolus,不明,,ハムシ目録データベース
H359,Chrysomelidae,ハムシ科,Bruchinae,マメゾウムシ亜科,,,,,Acanthoscelides,,obtectus,,,,,インゲンマメゾウムシ,,,,,,,Acanthoscelides obtectus,インゲン豆,,ハムシハンドブック
H360,Chrysomelidae,ハムシ科,Bruchinae,マメゾウムシ亜科,,,,,Acanthoscelides,,pallidipennis,,,,,イタチハギマメゾウムシ,,,,,,,Acanthoscelides pallidipennis,不明,,ハムシ目録データベース
H361,Chrysomelidae,ハムシ科,Bruchinae,マメゾウムシ亜科,,,,,Acanthoscelides,,pusillimus,,,,,チビマメゾウムシ,,,,,,,Acanthoscelides pusillimus,不明,,ハムシ目録データベース
H362,Chrysomelidae,ハムシ科,Bruchinae,マメゾウムシ亜科,,,,,Borowiecius,,ademptus,,,,,チャバラマメゾウムシ,,,,,,,Borowiecius ademptus,不明,,ハムシ目録データベース
H363,Chrysomelidae,ハムシ科,Bruchinae,マメゾウムシ亜科,,,,,Bruchidius,,japonicus,,,,,サムライマメゾウムシ,,,,,,,Bruchidius japonicus,サイカチ、ジャケツイバラ、カワラケツメイなど,,ハムシハンドブック
H364,Chrysomelidae,ハムシ科,Bruchinae,マメゾウムシ亜科,,,,,Bruchidius,,lautus,,,,,ヒゲナガマメゾウムシ,,,,,,,Bruchidius lautus,不明,,ハムシ目録データベース
H365,Chrysomelidae,ハムシ科,Bruchinae,マメゾウムシ亜科,,,,,Bruchidius,,serricollis,,,,,シリグロマメゾウムシ,,,,,,,Bruchidius serricollis,不明,,ハムシ目録データベース
H366,Chrysomelidae,ハムシ科,Bruchinae,マメゾウムシ亜科,,,,,Bruchidius,,terreus,,,,,ネムノキマメゾウムシ,,,,,,,Bruchidius terreus,不明,,ハムシ目録データベース
H367,Chrysomelidae,ハムシ科,Bruchinae,マメゾウムシ亜科,,,,,Bruchidius,,urbanus,,,,,シリアカマメゾウムシ,,,,,,,Bruchidius urbanus,不明,,ハムシ目録データベース
H368,Chrysomelidae,ハムシ科,Bruchinae,マメゾウムシ亜科,,,,,Callosobruchus,,analis,,,,,ワモンマメゾウムシ,,,,,,,Callosobruchus analis,不明,,ハムシ目録データベース
H369,Chrysomelidae,ハムシ科,Bruchinae,マメゾウムシ亜科,,,,,Callosobruchus,,chinensis,,,,,アズキマメゾウムシ,,,,,,,Callosobruchus chinensis,アズキ,,ハムシハンドブック
H370,Chrysomelidae,ハムシ科,Bruchinae,マメゾウムシ亜科,,,,,Callosobruchus,,maculatus,,,,,ヨツモンマメゾウムシ,,,,,,,Callosobruchus maculatus,ササゲ、アズキなど,,ハムシハンドブック
H371,Chrysomelidae,ハムシ科,Bruchinae,マメゾウムシ亜科,,,,,Callosobruchus,,phaseoli,,,,,タテモンマメゾウムシ,,,,,,,Callosobruchus phaseoli,不明,,ハムシ目録データベース
H372,Chrysomelidae,ハムシ科,Bruchinae,マメゾウムシ亜科,,,,,Megabruchidius,,dorsalis,,,,,サイカチマメゾウムシ,,,,,,,Megabruchidius dorsalis,サイカチ,,ハムシハンドブック
H373,Chrysomelidae,ハムシ科,Bruchinae,マメゾウムシ亜科,,,,,Megabruchidius,,sophorae,,,,,エンジュマメゾウムシ,,,,,,,Megabruchidius sophorae,エンジュ,,ハムシハンドブック
H374,Chrysomelidae,ハムシ科,Bruchinae,マメゾウムシ亜科,,,,,Sennius,,lebasi,,,,,クロモンマメゾウムシ,,,,,,,Sennius lebasi,不明,,ハムシ目録データベース
H375,Chrysomelidae,ハムシ科,Bruchinae,マメゾウムシ亜科,,,,,Sulcobruchus,,sauteri,,,,,ザウテルマメゾウムシ,,,,,,,Sulcobruchus sauteri,不明,,ハムシ目録データベース
H376,Chrysomelidae,ハムシ科,Bruchinae,マメゾウムシ亜科,,,,,Bruchus,,loti,,,,,ミヤコグサマメゾウムシ,,,,,,,Bruchus loti,不明,,ハムシ目録データベース
H377,Chrysomelidae,ハムシ科,Bruchinae,マメゾウムシ亜科,,,,,Bruchus,,pisorum,,,,,エンドウゾウムシ,,,,,,,Bruchus pisorum,不明,,ハムシ目録データベース
H378,Chrysomelidae,ハムシ科,Bruchinae,マメゾウムシ亜科,,,,,Bruchus,,rufimanus,,,,,ソラマメゾウムシ,,,,,,,Bruchus rufimanus,不明,,ハムシ目録データベース
H379,Chrysomelidae,ハムシ科,Bruchinae,マメゾウムシ亜科,,,,,Kytorhinus,,senilis,,,,,シャープマメゾウムシ,,,,,,,Kytorhinus senilis,不明,,ハムシ目録データベース
H380,Chrysomelidae,ハムシ科,Donaciinae,ネクイハムシ亜科,,,,,Donacia,,(Cyphogaster),,,,,ガガブタネクイハムシ,,,,,,,Donacia (Cyphogaster),不明,,ハムシ目録データベース
H381,Chrysomelidae,ハムシ科,Donaciinae,ネクイハムシ亜科,,,,,Donacia,,(Cyphogaster),,,,,イネネクイハムシ,,,,,,,Donacia (Cyphogaster),不明,,ハムシ目録データベース
H382,Chrysomelidae,ハムシ科,Donaciinae,ネクイハムシ亜科,,,,,Donacia,,(Donacia),,,,,セラネクイハムシ,,,,,,,Donacia (Donacia),不明,,ハムシ目録データベース
H383,Chrysomelidae,ハムシ科,Donaciinae,ネクイハムシ亜科,,,,,Donacia,,(Donacia),,,,,コウホネネクイハムシ,,,,,,,Donacia (Donacia),不明,,ハムシ目録データベース
H384,Chrysomelidae,ハムシ科,Donaciinae,ネクイハムシ亜科,,,,,Donacia,,(Donaciomima),,,,,キアシネクイハムシ,,,,,,,Donacia (Donaciomima),不明,,ハムシ目録データベース
H385,Chrysomelidae,ハムシ科,Donaciinae,ネクイハムシ亜科,,,,,Donacia,,(Donaciomima),,,,,フトネクイハムシ,,,,,,,Donacia (Donaciomima),不明,,ハムシ目録データベース
H386,Chrysomelidae,ハムシ科,Donaciinae,ネクイハムシ亜科,,,,,Donacia,,(Donaciomima),,,,,クロガネネクイハムシ,,,,,,,Donacia (Donaciomima),不明,,ハムシ目録データベース
H387,Chrysomelidae,ハムシ科,Donaciinae,ネクイハムシ亜科,,,,,Donacia,,(Donaciomima),,,,,アオノネクイハムシ,,,,,,,Donacia (Donaciomima),不明,,ハムシ目録データベース
H388,Chrysomelidae,ハムシ科,Donaciinae,ネクイハムシ亜科,,,,,Donacia,,(Donaciomima),,,,,アカガネネクイハムシ,,,,,,,Donacia (Donaciomima),不明,,ハムシ目録データベース
H389,Chrysomelidae,ハムシ科,Donaciinae,ネクイハムシ亜科,,,,,Donacia,,(Donaciomima),,,,,キンイロネクイハムシ,,,,,,,Donacia (Donaciomima),ミクリ類,,ハムシハンドブック
H390,Chrysomelidae,ハムシ科,Donaciinae,ネクイハムシ亜科,,,,,Donacia,,(Donaciomima),,,,,カツラネクイハムシ,,,,,,,Donacia (Donaciomima),不明,,ハムシ目録データベース
H391,Chrysomelidae,ハムシ科,Donaciinae,ネクイハムシ亜科,,,,,Donacia,,(Donaciomima),,,,,ツヤネクイハムシ,,,,,,,Donacia (Donaciomima),不明,,ハムシ目録データベース
H392,Chrysomelidae,ハムシ科,Donaciinae,ネクイハムシ亜科,,,,,Donacia,,(Donaciomima),,,,,アシボソネクイハムシ,,,,,,,Donacia (Donaciomima),不明,,ハムシ目録データベース
H393,Chrysomelidae,ハムシ科,Donaciinae,ネクイハムシ亜科,,,,,Donacia,,(Donaciomima),,,,,キタヒラタネクイハムシ,,,,,,,Donacia (Donaciomima),不明,,ハムシ目録データベース
H394,Chrysomelidae,ハムシ科,Donaciinae,ネクイハムシ亜科,,,,,Donacia,,(Donaciomima),,,,,キタヒラタネクイハムシ 本州亜種,,,,,,,Donacia (Donaciomima),不明,,ハムシ目録データベース
H395,Chrysomelidae,ハムシ科,Donaciinae,ネクイハムシ亜科,,,,,Donacia,,(Donaciomima),,,,,ニセヒラタネクイハムシ,,,,,,,Donacia (Donaciomima),不明,,ハムシ目録データベース
H396,Chrysomelidae,ハムシ科,Donaciinae,ネクイハムシ亜科,,,,,Donacia,,(Donaciomima),,,,,ホソネクイハムシ,,,,,,,Donacia (Donaciomima),不明,,ハムシ目録データベース
H397,Chrysomelidae,ハムシ科,Donaciinae,ネクイハムシ亜科,,,,,Macroplea,,japana,,,,,キイロネクイハムシ,,,,,,,Macroplea japana,不明,,ハムシ目録データベース
H398,Chrysomelidae,ハムシ科,Donaciinae,ネクイハムシ亜科,,,,,Macroplea,,mutica,,,,,キタキイロネクイハムシ,,,,,,,Macroplea mutica,不明,,ハムシ目録データベース
H399,Chrysomelidae,ハムシ科,Donaciinae,ネクイハムシ亜科,,,,,Plateumaris,,akiensis,,,,,アキミズクサハムシ,,,,,,,Plateumaris akiensis,不明,,ハムシ目録データベース
H400,Chrysomelidae,ハムシ科,Donaciinae,ネクイハムシ亜科,,,,,Plateumaris,,constricticollis,,,,,オオネクイハムシ,,,,,,,Plateumaris constricticollis,不明,,ハムシ目録データベース
H401,Chrysomelidae,ハムシ科,Donaciinae,ネクイハムシ亜科,,,,,Plateumaris,,constricticollis,,,,,オオネクイハムシ　信濃亜種,,,,,,,Plateumaris constricticollis,不明,,ハムシ目録データベース
H402,Chrysomelidae,ハムシ科,Donaciinae,ネクイハムシ亜科,,,,,Plateumaris,,constricticollis,,,,,オオネクイハムシ　亜種,,,,,,,Plateumaris constricticollis,不明,,ハムシ目録データベース
H403,Chrysomelidae,ハムシ科,Donaciinae,ネクイハムシ亜科,,,,,Plateumaris,,sericea,,,,,キヌツヤミズクサハムシ,,,,,,,Plateumaris sericea,不明,,ハムシ目録データベース
H404,Chrysomelidae,ハムシ科,Donaciinae,ネクイハムシ亜科,,,,,Plateumaris,,shirahatai,,,,,シラハタネクイハムシ,,,,,,,Plateumaris shirahatai,不明,,ハムシ目録データベース
H405,Chrysomelidae,ハムシ科,Donaciinae,ネクイハムシ亜科,,,,,Plateumaris,,weisei,,,,,ヒラシマミズクサハムシ,,,,,,,Plateumaris weisei,不明,,ハムシ目録データベース
H406,Chrysomelidae,ハムシ科,クビボソハムシ亜科,クビボソハムシ亜科,,,,,Crioceris,,orientalis,orientalis,Jacoby,1885,カタボシクビナガハムシ,,,,,,,Crioceris orientalis orientalis Jacoby, 1885,不明,,ハムシ目録データベース
H407,Chrysomelidae,ハムシ科,クビボソハムシ亜科,クビボソハムシ亜科,,,,,Crioceris,,quatuordecimpunctata,,,(Scopoli),1763,ジュウシホシクビナガハムシ,,,,,,,Crioceris quatuordecimpunctata (Scopoli, 1763),不明,,ハムシ目録データベース
H408,Chrysomelidae,ハムシ科,クビボソハムシ亜科,クビボソハムシ亜科,,,,,Lilioceris,(Bradyceris),lewisi,,(Jacoby),1885,ルイスクビナガハムシ,,,,,,,Lilioceris (Bradyceris) lewisi (Jacoby, 1885),マイヅルソウ、ナルコユリ,,ハムシハンドブック
H409,Chrysomelidae,ハムシ科,クビボソハムシ亜科,クビボソハムシ亜科,,,,,Lilioceris,(Lilioceris),balyi,,Chûjô,1961,ベーリークビナガハムシ,,,,,,,Lilioceris (Lilioceris) balyi Chûjô, 1961,不明,,ハムシ目録データベース
H410,Chrysomelidae,ハムシ科,クビボソハムシ亜科,クビボソハムシ亜科,,,,,Lilioceris,(Lilioceris),formosana,,Heinze,1943,オキナワクビナガハムシ,,,,,,,Lilioceris (Lilioceris) formosana Heinze, 1943,不明,,ハムシ目録データベース
H411,Chrysomelidae,ハムシ科,クビボソハムシ亜科,クビボソハムシ亜科,,,,,Lilioceris,(Lilioceris),merdigera,,(Linnaeus),1758,ユリクビナガハムシ,,,,,,,Lilioceris (Lilioceris) merdigera (Linnaeus, 1758),不明,,ハムシ目録データベース
H412,Chrysomelidae,ハムシ科,クビボソハムシ亜科,クビボソハムシ亜科,,,,,Lilioceris,(Lilioceris),parvicollis,,(Baly),1873,ホソクビナガハムシ,,,,,,,Lilioceris (Lilioceris) parvicollis (Baly, 1873),不明,,ハムシ目録データベース
H413,Chrysomelidae,ハムシ科,クビボソハムシ亜科,クビボソハムシ亜科,,,,,Lilioceris,(Lilioceris),rugata,,(Baly),1865,キイロクビナガハムシ,,,,,,,Lilioceris (Lilioceris) rugata (Baly, 1865),ヤマノイモ、オニドコロなど,,ハムシハンドブック
H414,Chrysomelidae,ハムシ科,クビボソハムシ亜科,クビボソハムシ亜科,,,,,Lilioceris,(Lilioceris),scapularis,,(Baly),1859,カタモンクビナガハムシ,,,,,,,Lilioceris (Lilioceris) scapularis (Baly, 1859),不明,,ハムシ目録データベース
H415,Chrysomelidae,ハムシ科,クビボソハムシ亜科,クビボソハムシ亜科,,,,,Lilioceris,(Lilioceris),sieversi,,(Heyden),1887,クロバネクビボソハムシ,,,,,,,Lilioceris (Lilioceris) sieversi (Heyden, 1887),不明,,ハムシ目録データベース
H416,Chrysomelidae,ハムシ科,クビボソハムシ亜科,クビボソハムシ亜科,,,,,Lilioceris,(Lilioceris),subpolita,,(Motschulsky),1861,アカクビナガハムシ,,,,,,,Lilioceris (Lilioceris) subpolita (Motschulsky, 1861),サルトリイバラ、シオデ,,ハムシハンドブック
H417,Chrysomelidae,ハムシ科,クビボソハムシ亜科,クビボソハムシ亜科,,,,,Lema,(Lema),cyanella,,(Linnaeus),1758,ルリクビボソハムシ,,,,,,,Lema (Lema) cyanella (Linnaeus, 1758),不明,,ハムシ目録データベース
H418,Chrysomelidae,ハムシ科,クビボソハムシ亜科,クビボソハムシ亜科,,,,,Lema,(Lema),concinnipennis,,Baly,1865,キバラルリクビボソハムシ,,,,,,,Lema (Lema) concinnipennis Baly, 1865,ツユクサ,,ハムシハンドブック
H419,Chrysomelidae,ハムシ科,クビボソハムシ亜科,クビボソハムシ亜科,,,,,Lema,,(Lema),,,,,ヒメアカクビボソハムシ,,,,,,,Lema (Lema),不明,,ハムシ目録データベース
H420,Chrysomelidae,ハムシ科,クビボソハムシ亜科,クビボソハムシ亜科,,,,,Lema,,(Lema),,,,,トゲアシクビボソハムシ,,,,,,,Lema (Lema),ツユクサ,,ハムシハンドブック
H421,Chrysomelidae,ハムシ科,クビボソハムシ亜科,クビボソハムシ亜科,,,,,Lema,,(Lema),,,,,ササキクビボソハムシ,,,,,,,Lema (Lema),不明,,ハムシ目録データベース
H422,Chrysomelidae,ハムシ科,クビボソハムシ亜科,クビボソハムシ亜科,,,,,Lema,,(Lema),,,,,トホシクビボソハムシ,,,,,,,Lema (Lema),不明,,ハムシ目録データベース
H423,Chrysomelidae,ハムシ科,クビボソハムシ亜科,クビボソハムシ亜科,,,,,Lema,,(Lema),,,,,キオビクビボソハムシ,,,,,,,Lema (Lema),不明,,ハムシ目録データベース
H424,Chrysomelidae,ハムシ科,クビボソハムシ亜科,クビボソハムシ亜科,,,,,Lema,,(Lema),,,,,スゲクビボソハムシ,,,,,,,Lema (Lema),不明,,ハムシ目録データベース
H425,Chrysomelidae,ハムシ科,クビボソハムシ亜科,クビボソハムシ亜科,,,,,Lema,,(Lema),,,,,アカクビボソハムシ,,,,,,,Lema (Lema),不明,,ハムシ目録データベース
H426,Chrysomelidae,ハムシ科,クビボソハムシ亜科,クビボソハムシ亜科,,,,,Lema,,(Lema),,,,,クズクビボソハムシ,,,,,,,Lema (Lema),不明,,ハムシ目録データベース
H427,Chrysomelidae,ハムシ科,クビボソハムシ亜科,クビボソハムシ亜科,,,,,Lema,,(Lema),,,,,ネッタイアカクビボソハムシ,,,,,,,Lema (Lema),不明,,ハムシ目録データベース
H428,Chrysomelidae,ハムシ科,クビボソハムシ亜科,クビボソハムシ亜科,,,,,Lema,,(Lema),,,,,セアカクビボソハムシ,,,,,,,Lema (Lema),不明,,ハムシ目録データベース
H429,Chrysomelidae,ハムシ科,クビボソハムシ亜科,クビボソハムシ亜科,,,,,Lema,,(Petauristes),,,,,キベリクビボソハムシ,,,,,,,Lema (Petauristes),ヤマノイモ,,ハムシハンドブック
H430,Chrysomelidae,ハムシ科,クビボソハムシ亜科,クビボソハムシ亜科,,,,,Lema,,(Petauristes),,,,,ヤマイモハムシ,,,,,,,Lema (Petauristes),不明,,ハムシ目録データベース
H431,Chrysomelidae,ハムシ科,クビボソハムシ亜科,クビボソハムシ亜科,,,,,Lema,,(Petauristes),,,,,オオクビボソハムシ,,,,,,,Lema (Petauristes),コウトウシラン,,ハムシハンドブック
H432,Chrysomelidae,ハムシ科,クビボソハムシ亜科,クビボソハムシ亜科,,,,,Lema,,(Petauristes),,,,,ナスクビボソハムシ,,,,,,,Lema (Petauristes),不明,,ハムシ目録データベース
H433,Chrysomelidae,ハムシ科,クビボソハムシ亜科,クビボソハムシ亜科,,,,,Oulema,,(Oulema),,,,,セスジクビボソハムシ,,,,,,,Oulema (Oulema),不明,,ハムシ目録データベース
H434,Chrysomelidae,ハムシ科,クビボソハムシ亜科,クビボソハムシ亜科,,,,,Oulema,,(Oulema),,,,,アワクビボソハムシ,,,,,,,Oulema (Oulema),ロクザサ,,ハムシハンドブック
H435,Chrysomelidae,ハムシ科,クビボソハムシ亜科,クビボソハムシ亜科,,,,,Oulema,,(Oulema),,,,,ムギクビボソハムシ,,,,,,,Oulema (Oulema),不明,,ハムシ目録データベース
H436,Chrysomelidae,ハムシ科,クビボソハムシ亜科,クビボソハムシ亜科,,,,,Oulema,,(Oulema),,,,,クビアカクビボソハムシ,,,,,,,Oulema (Oulema),不明,,ハムシ目録データベース
H437,Chrysomelidae,ハムシ科,クビボソハムシ亜科,クビボソハムシ亜科,,,,,Oulema,,(Oulema),,,,,イネクビボソハムシ,,,,,,,Oulema (Oulema),イネ,,ハムシハンドブック
H438,Chrysomelidae,ハムシ科,クビボソハムシ亜科,クビボソハムシ亜科,,,,,Oulema,,(Oulema),,,,,キアシクビボソハムシ,,,,,,,Oulema (Oulema),不明,,ハムシ目録データベース
H439,Chrysomelidae,ハムシ科,Cassidinae,カメノコハムシ亜科,,,,,Aspidimorpha,,(Aspidimorpha),,,,,ジンガサハムシ,,,,,,,Aspidimorpha (Aspidimorpha),アサガオ,,ハムシハンドブック
H440,Chrysomelidae,ハムシ科,Cassidinae,カメノコハムシ亜科,,,,,Aspidimorpha,,(Aspidimorpha),,,,,ゴマダラジンガサハムシ,,,,,,,Aspidimorpha (Aspidimorpha),不明,,ハムシ目録データベース
H441,Chrysomelidae,ハムシ科,Cassidinae,カメノコハムシ亜科,,,,,Aspidimorpha,,(Aspidimorpha),,,,,スキバジンガサハムシ,,,,,,,Aspidimorpha (Aspidimorpha),不明,,ハムシ目録データベース
H442,Chrysomelidae,ハムシ科,Cassidinae,カメノコハムシ亜科,,,,,Laccoptera,,(Laccopteroidea),,,,,ヨツモンカメノコハムシ,,,,,,,Laccoptera (Laccopteroidea),不明,,ハムシ目録データベース
H443,Chrysomelidae,ハムシ科,Cassidinae,カメノコハムシ亜科,,,,,Cassida,,circumdata,,,,,タテスジヒメジンガサハムシ,,,,,,,Cassida circumdata,不明,,ハムシ目録データベース
H444,Chrysomelidae,ハムシ科,Cassidinae,カメノコハムシ亜科,,,,,Cassida,,concha,,,,,キイロカメノコハムシ,,,,,,,Cassida concha,不明,,ハムシ目録データベース
H445,Chrysomelidae,ハムシ科,Cassidinae,カメノコハムシ亜科,,,,,Cassida,,crucifera,,,,,セモンジンガサハムシ,,,,,,,Cassida crucifera,ボタンヅル,,ハムシハンドブック
H446,Chrysomelidae,ハムシ科,Cassidinae,カメノコハムシ亜科,,,,,Cassida,,erudita,,,,,ミドリカメノコハムシ,,,,,,,Cassida erudita,ハッカ、ヒメオドリコソウ,,ハムシハンドブック
H447,Chrysomelidae,ハムシ科,Cassidinae,カメノコハムシ亜科,,,,,Cassida,,ferruginea,,,,,イカリアオカメノコハムシ,,,,,,,Cassida ferruginea,不明,,ハムシ目録データベース
H448,Chrysomelidae,ハムシ科,Cassidinae,カメノコハムシ亜科,,,,,Cassida,,fuscorufa,,,,,ヒメジンガサハムシ,,,,,,,Cassida fuscorufa,ヨモギ類,,ハムシハンドブック
H449,Chrysomelidae,ハムシ科,Cassidinae,カメノコハムシ亜科,,,,,Cassida,,japana,,,,,イノコズチカメノコハムシ,,,,,,,Cassida japana,不明,,ハムシ目録データベース
H450,Chrysomelidae,ハムシ科,Cassidinae,カメノコハムシ亜科,,,,,Cassida,,lineola,,,,,クロスジカメノコハムシ,,,,,,,Cassida lineola,不明,,ハムシ目録データベース
H451,Chrysomelidae,ハムシ科,Cassidinae,カメノコハムシ亜科,,,,,Cassida,,mongolica,,,,,クロカメノコハムシ,,,,,,,Cassida mongolica,不明,,ハムシ目録データベース
H452,Chrysomelidae,ハムシ科,Cassidinae,カメノコハムシ亜科,,,,,Cassida,,murraea,,,,,ベニカメノコハムシ,,,,,,,Cassida murraea,不明,,ハムシ目録データベース
H453,Chrysomelidae,ハムシ科,Cassidinae,カメノコハムシ亜科,,,,,Cassida,,nebulosa,,,,,ナミカメノコハムシ,,,,,,,Cassida nebulosa,不明,,ハムシ目録データベース
H454,Chrysomelidae,ハムシ科,Cassidinae,カメノコハムシ亜科,,,,,Cassida,,nobilis,,,,,スジキイロカメノコハムシ,,,,,,,Cassida nobilis,不明,,ハムシ目録データベース
H455,Chrysomelidae,ハムシ科,Cassidinae,カメノコハムシ亜科,,,,,Cassida,,obtusata,,,,,ミカンカメノコハムシ,,,,,,,Cassida obtusata,不明,,ハムシ目録データベース
H456,Chrysomelidae,ハムシ科,Cassidinae,カメノコハムシ亜科,,,,,Cassida,,piperata,,,,,ヒメカメノコハムシ,,,,,,,Cassida piperata,サツマイモ、アサガオ,,ハムシハンドブック
H457,Chrysomelidae,ハムシ科,Cassidinae,カメノコハムシ亜科,,,,,Cassida,,rubiginosa,,,,,アオカメノコハムシ,,,,,,,Cassida rubiginosa,アザミ類,,ハムシハンドブック
H458,Chrysomelidae,ハムシ科,Cassidinae,カメノコハムシ亜科,,,,,Cassida,,rubiginosa,,,,,アオカメノコハムシ　対馬亜種,,,,,,,Cassida rubiginosa,不明,,ハムシ目録データベース
H459,Chrysomelidae,ハムシ科,Cassidinae,カメノコハムシ亜科,,,,,Cassida,,sigillata,,,,,イカリヒメジンガサハムシ,,,,,,,Cassida sigillata,不明,,ハムシ目録データベース
H460,Chrysomelidae,ハムシ科,Cassidinae,カメノコハムシ亜科,,,,,Cassida,,velaris,,,,,チャイロカメノコハムシ,,,,,,,Cassida velaris,不明,,ハムシ目録データベース
H461,Chrysomelidae,ハムシ科,Cassidinae,カメノコハムシ亜科,,,,,Cassida,,vespertina,,,,,コガタカメノコハムシ,,,,,,,Cassida vespertina,不明,,ハムシ目録データベース
H462,Chrysomelidae,ハムシ科,Cassidinae,カメノコハムシ亜科,,,,,Cassida,,vibex,,,,,セスジカメノコハムシ,,,,,,,Cassida vibex,不明,,ハムシ目録データベース
H463,Chrysomelidae,ハムシ科,Cassidinae,カメノコハムシ亜科,,,,,Cassida,,vittata,,,,,スジミドリカメノコハムシ,,,,,,,Cassida vittata,不明,,ハムシ目録データベース
H464,Chrysomelidae,ハムシ科,Cassidinae,カメノコハムシ亜科,,,,,Glyphocassis,,spilota,,,,,クロマダラカメノコハムシ,,,,,,,Glyphocassis spilota,不明,,ハムシ目録データベース
H465,Chrysomelidae,ハムシ科,Cassidinae,カメノコハムシ亜科,,,,,Thlaspida,,cribrosa,,,,,イチモンジカメノコハムシ,,,,,,,Thlaspida cribrosa,ヤブムラサキ、ムラサキシキブ,,ハムシハンドブック
H466,Chrysomelidae,ハムシ科,Cassidinae,カメノコハムシ亜科,,,,,Thlaspida,,lewisii,,,,,ルイスジンガサハムシ,,,,,,,Thlaspida lewisii,不明,,ハムシ目録データベース
H467,Chrysomelidae,ハムシ科,Cassidinae,カメノコハムシ亜科,,,,,Brontispa,,longissima,,,,,ナガヒラタハムシ,,,,,,,Brontispa longissima,不明,,ハムシ目録データベース
H468,Chrysomelidae,ハムシ科,Cassidinae,カメノコハムシ亜科,,,,,Agonita,,omoro,,,,,オキナワホソヒラタハムシ,,,,,,,Agonita omoro,不明,,ハムシ目録データベース
H469,Chrysomelidae,ハムシ科,Cassidinae,カメノコハムシ亜科,,,,,Asamangulia,,yonakuni,,,,,ヨナグニトゲハムシ,,,,,,,Asamangulia yonakuni,不明,,ハムシ目録データベース
H470,Chrysomelidae,ハムシ科,Cassidinae,カメノコハムシ亜科,,,,,Dactylispa,,(Platypriella),,,,,タケトゲハムシ,,,,,,,Dactylispa (Platypriella),不明,,ハムシ目録データベース
H471,Chrysomelidae,ハムシ科,Cassidinae,カメノコハムシ亜科,,,,,Dactylispa,,(Platypriella),,,,,カタビロトゲハムシ,,,,,,,Dactylispa (Platypriella),ススキ、アラカシなど,,ハムシハンドブック
H472,Chrysomelidae,ハムシ科,Cassidinae,カメノコハムシ亜科,,,,,Dactylispa,,(Triplispa),,,,,ヒメキベリトゲハムシ,,,,,,,Dactylispa (Triplispa),不明,,ハムシ目録データベース
H473,Chrysomelidae,ハムシ科,Cassidinae,カメノコハムシ亜科,,,,,Dactylispa,,(Triplispa),,,,,ヒゴトゲハムシ,,,,,,,Dactylispa (Triplispa),ムラサキシキブ,,ハムシハンドブック
H474,Chrysomelidae,ハムシ科,Cassidinae,カメノコハムシ亜科,,,,,Dicladispa,,armigera,,,,,イネトゲハムシ,,,,,,,Dicladispa armigera,不明,,ハムシ目録データベース
H475,Chrysomelidae,ハムシ科,Cassidinae,カメノコハムシ亜科,,,,,Hispellinus,,moerens,,,,,クロトゲハムシ,,,,,,,Hispellinus moerens,不明,,ハムシ目録データベース
H476,Chrysomelidae,ハムシ科,Cassidinae,カメノコハムシ亜科,,,,,Platypria,,(Platypria),,,,,ヘリビロトゲハムシ,,,,,,,Platypria (Platypria),不明,,ハムシ目録データベース
H477,Chrysomelidae,ハムシ科,Cassidinae,カメノコハムシ亜科,,,,,Platypria,,(Platypria),,,,,ツシマヘリビロトゲハムシ,,,,,,,Platypria (Platypria),不明,,ハムシ目録データベース
H478,Chrysomelidae,ハムシ科,Cassidinae,カメノコハムシ亜科,,,,,Rhadinosa,,nigrocyanea,,,,,クロルリトゲハムシ,,,,,,,Rhadinosa nigrocyanea,不明,,ハムシ目録データベース
H479,Chrysomelidae,ハムシ科,Cassidinae,カメノコハムシ亜科,,,,,Leptispa,,miyamotoi,,,,,ミヤモトホソヒラタハムシ,,,,,,,Leptispa miyamotoi,不明,,ハムシ目録データベース
H480,Chrysomelidae,ハムシ科,Cassidinae,カメノコハムシ亜科,,,,,Leptispa,,taguchii,,,,,タグチホソヒラタハムシ,,,,,,,Leptispa taguchii,不明,,ハムシ目録データベース
H481,Chrysomelidae,ハムシ科,Cassidinae,カメノコハムシ亜科,,,,,Notosacantha,,ihai,,,,,アカヒラタカメノコハムシ,,,,,,,Notosacantha ihai,不明,,ハムシ目録データベース
H482,Chrysomelidae,ハムシ科,Cassidinae,カメノコハムシ亜科,,,,,Notosacantha,,loochooana,,,,,チャイロヒラタカメノコハムシ,,,,,,,Notosacantha loochooana,不明,,ハムシ目録データベース
H483,Chrysomelidae,ハムシ科,Cassidinae,カメノコハムシ亜科,,,,,Notosacantha,,nishiyamai,,,,,キイロヒラタカメノコハムシ,,,,,,,Notosacantha nishiyamai,不明,,ハムシ目録データベース
H484,Chrysomelidae,ハムシ科,Eumolpinae,サルハムシ亜科,,,,,Acrothinium,,gaschkevitchii,,,,,アカガネサルハムシ,,,,,,,Acrothinium gaschkevitchii,ノブドウ、エビヅル,,ハムシハンドブック
H485,Chrysomelidae,ハムシ科,Eumolpinae,サルハムシ亜科,,,,,Acrothinium,,gaschkevitchii,,,,,アカガネサルハムシ　沖永良部島亜種,,,,,,,Acrothinium gaschkevitchii,不明,,ハムシ目録データベース
H486,Chrysomelidae,ハムシ科,Eumolpinae,サルハムシ亜科,,,,,Acrothinium,,gaschkevitchii,,,,,アカガネサルハムシ　沖縄亜種,,,,,,,Acrothinium gaschkevitchii,不明,,ハムシ目録データベース
H487,Chrysomelidae,ハムシ科,Eumolpinae,サルハムシ亜科,,,,,Acrothinium,,gaschkevitchii,,,,,アカガネサルハムシ　奄美亜種,,,,,,,Acrothinium gaschkevitchii,不明,,ハムシ目録データベース
H488,Chrysomelidae,ハムシ科,Eumolpinae,サルハムシ亜科,,,,,Acrothinium,,gaschkevitchii,,,,,アカガネサルハムシ　吐噶喇亜種,,,,,,,Acrothinium gaschkevitchii,不明,,ハムシ目録データベース
H489,Chrysomelidae,ハムシ科,Eumolpinae,サルハムシ亜科,,,,,Bromius,,obscurus,,,,,ブドウサルハムシ,,,,,,,Bromius obscurus,ブドウ,,ハムシハンドブック
H490,Chrysomelidae,ハムシ科,Eumolpinae,サルハムシ亜科,,,,,Demotina,,aurosquama,,,,,コアラゲサルハムシ,,,,,,,Demotina aurosquama,不明,,ハムシ目録データベース
H491,Chrysomelidae,ハムシ科,Eumolpinae,サルハムシ亜科,,,,,Demotina,,bipunctata,,,,,フタモンアラゲサルハムシ,,,,,,,Demotina bipunctata,不明,,ハムシ目録データベース
H492,Chrysomelidae,ハムシ科,Eumolpinae,サルハムシ亜科,,,,,Demotina,,decorata,,,,,チビカサハラハムシ,,,,,,,Demotina decorata,不明,,ハムシ目録データベース
H493,Chrysomelidae,ハムシ科,Eumolpinae,サルハムシ亜科,,,,,Demotina,,elegans,,,,,ヤクカサハラハムシ,,,,,,,Demotina elegans,不明,,ハムシ目録データベース
H494,Chrysomelidae,ハムシ科,Eumolpinae,サルハムシ亜科,,,,,Demotina,,fasciata,,,,,クロオビカサハラハムシ,,,,,,,Demotina fasciata,不明,,ハムシ目録データベース
H495,Chrysomelidae,ハムシ科,Eumolpinae,サルハムシ亜科,,,,,Demotina,,fasciculata,,,,,マダラアラゲサルハムシ,,,,,,,Demotina fasciculata,チャノキ,,ハムシハンドブック
H496,Chrysomelidae,ハムシ科,Eumolpinae,サルハムシ亜科,,,,,Demotina,,imasakai,,,,,イマサカアラゲサルハムシ,,,,,,,Demotina imasakai,不明,,ハムシ目録データベース
H497,Chrysomelidae,ハムシ科,Eumolpinae,サルハムシ亜科,,,,,Demotina,,major,,,,,オオアラゲサルハムシ,,,,,,,Demotina major,不明,,ハムシ目録データベース
H498,Chrysomelidae,ハムシ科,Eumolpinae,サルハムシ亜科,,,,,Demotina,,modesta,,,,,カサハラハムシ,,,,,,,Demotina modesta,不明,,ハムシ目録データベース
H499,Chrysomelidae,ハムシ科,Eumolpinae,サルハムシ亜科,,,,,Demotina,,sasakawai,,,,,ササカワアラゲサルハムシ,,,,,,,Demotina sasakawai,不明,,ハムシ目録データベース
H500,Chrysomelidae,ハムシ科,Eumolpinae,サルハムシ亜科,,,,,Demotina,,serriventris,,,,,クシバアラゲサルハムシ,,,,,,,Demotina serriventris,不明,,ハムシ目録データベース
H501,Chrysomelidae,ハムシ科,Eumolpinae,サルハムシ亜科,,,,,Demotina,,squamosa,,,,,アラゲサルハムシ,,,,,,,Demotina squamosa,不明,,ハムシ目録データベース
H502,Chrysomelidae,ハムシ科,Eumolpinae,サルハムシ亜科,,,,,Demotina,,tuberosa,,,,,コブアラゲサルハムシ,,,,,,,Demotina tuberosa,不明,,ハムシ目録データベース
H503,Chrysomelidae,ハムシ科,Eumolpinae,サルハムシ亜科,,,,,Demotina,,vernalis,,,,,ヒメアラゲサルハムシ,,,,,,,Demotina vernalis,不明,,ハムシ目録データベース
H504,Chrysomelidae,ハムシ科,Eumolpinae,サルハムシ亜科,,,,,Fidia,,atra,,,,,リンゴコフキハムシ,,,,,,,Fidia atra,不明,,ハムシ目録データベース
H505,Chrysomelidae,ハムシ科,Eumolpinae,サルハムシ亜科,,,,,Fidia,,fulva,,,,,セアカケブカサルハムシ,,,,,,,Fidia fulva,不明,,ハムシ目録データベース
H506,Chrysomelidae,ハムシ科,Eumolpinae,サルハムシ亜科,,,,,Fidia,,itoi,,,,,スギケブカサルハムシ,,,,,,,Fidia itoi,不明,,ハムシ目録データベース
H507,Chrysomelidae,ハムシ科,Eumolpinae,サルハムシ亜科,,,,,Fidia,,japonica,,,,,ニホンケブカサルハムシ,,,,,,,Fidia japonica,不明,,ハムシ目録データベース
H508,Chrysomelidae,ハムシ科,Eumolpinae,サルハムシ亜科,,,,,Fidia,,kiiensis,,,,,セスジケブカサルハムシ,,,,,,,Fidia kiiensis,不明,,ハムシ目録データベース
H509,Chrysomelidae,ハムシ科,Eumolpinae,サルハムシ亜科,,,,,Fidia,,lewisi,,,,,ケブカサルハムシ,,,,,,,Fidia lewisi,不明,,ハムシ目録データベース
H510,Chrysomelidae,ハムシ科,Eumolpinae,サルハムシ亜科,,,,,Heteraspis,,lewisii,,,,,ドウガネサルハムシ,,,,,,,Heteraspis lewisii,不明,,ハムシ目録データベース
H511,Chrysomelidae,ハムシ科,Eumolpinae,サルハムシ亜科,,,,,Heteraspis,,sauteri,,,,,シワドウガネサルハムシ,,,,,,,Heteraspis sauteri,不明,,ハムシ目録データベース
H512,Chrysomelidae,ハムシ科,Eumolpinae,サルハムシ亜科,,,,,Osnaparis,,nucea,,,,,アカチャサルハムシ,,,,,,,Osnaparis nucea,不明,,ハムシ目録データベース
H513,Chrysomelidae,ハムシ科,Eumolpinae,サルハムシ亜科,,,,,Trichochrysea,,japana,,,,,トビサルハムシ,,,,,,,Trichochrysea japana,不明,,ハムシ目録データベース
H514,Chrysomelidae,ハムシ科,Eumolpinae,サルハムシ亜科,,,,,Trichochrysea,,okinawana,,,,,オキナワトビサルハムシ,,,,,,,Trichochrysea okinawana,不明,,ハムシ目録データベース
H515,Chrysomelidae,ハムシ科,Eumolpinae,サルハムシ亜科,,,,,Trichochrysea,,okinawana,,,,,オキナワトビサルハムシ　九州亜種,,,,,,,Trichochrysea okinawana,不明,,ハムシ目録データベース
H516,Chrysomelidae,ハムシ科,Eumolpinae,サルハムシ亜科,,,,,Trichochrysea,,sakishimana,,,,,サキシマトビサルハムシ,,,,,,,Trichochrysea sakishimana,不明,,ハムシ目録データベース
H517,Chrysomelidae,ハムシ科,Eumolpinae,サルハムシ亜科,,,,,Xanthonia,,placida,,,,,キカサハラハムシ,,,,,,,Xanthonia placida,不明,,ハムシ目録データベース
H518,Chrysomelidae,ハムシ科,Eumolpinae,サルハムシ亜科,,,,,Abirus,,fortunei,,,,,ツツサルハムシ,,,,,,,Abirus fortunei,不明,,ハムシ目録データベース
H519,Chrysomelidae,ハムシ科,Eumolpinae,サルハムシ亜科,,,,,Chrysochus,,chinensis,,,,,オオサルハムシ,,,,,,,Chrysochus chinensis,イヨカズラ、ガガイモ、シロバナカモメヅル、サツマイモ,,ハムシハンドブック
H520,Chrysomelidae,ハムシ科,Eumolpinae,サルハムシ亜科,,,,,Colaspoides,,amamianus,,,,,アマミミドリサルハムシ,,,,,,,Colaspoides amamianus,不明,,ハムシ目録データベース
H521,Chrysomelidae,ハムシ科,Eumolpinae,サルハムシ亜科,,,,,Colaspoides,,fulvus,,,,,シャシャンポサルハムシ,,,,,,,Colaspoides fulvus,不明,,ハムシ目録データベース
H522,Chrysomelidae,ハムシ科,Eumolpinae,サルハムシ亜科,,,,,Colaspoides,,imasakai,,,,,イマサカミドリサルハムシ,,,,,,,Colaspoides imasakai,不明,,ハムシ目録データベース
H523,Chrysomelidae,ハムシ科,Eumolpinae,サルハムシ亜科,,,,,Colaspoides,,japanus,,,,,ミドリサルハムシ,,,,,,,Colaspoides japanus,不明,,ハムシ目録データベース
H524,Chrysomelidae,ハムシ科,Eumolpinae,サルハムシ亜科,,,,,Colaspoides,,kasaharai,,,,,カサハラミドリサルハムシ,,,,,,,Colaspoides kasaharai,不明,,ハムシ目録データベース
H525,Chrysomelidae,ハムシ科,Eumolpinae,サルハムシ亜科,,,,,Colaspoides,,okinawanus,,,,,オキナワミドリサルハムシ,,,,,,,Colaspoides okinawanus,不明,,ハムシ目録データベース
H526,Chrysomelidae,ハムシ科,Eumolpinae,サルハムシ亜科,,,,,Colaspoides,,suginoi,,,,,スギノミドリサルハムシ,,,,,,,Colaspoides suginoi,不明,,ハムシ目録データベース
H527,Chrysomelidae,ハムシ科,Eumolpinae,サルハムシ亜科,,,,,Massiea,,costata,,,,,ムネアカナガミドリサルハムシ,,,,,,,Massiea costata,不明,,ハムシ目録データベース
H528,Chrysomelidae,ハムシ科,Eumolpinae,サルハムシ亜科,,,,,Platycorynus,,japonicus,,,,,オオミドリサルハムシ,,,,,,,Platycorynus japonicus,不明,,ハムシ目録データベース
H529,Chrysomelidae,ハムシ科,Eumolpinae,サルハムシ亜科,,,,,Platycorynus,,japonicus,,,,,オオミドリサルハムシ　沖永良部島亜種,,,,,,,Platycorynus japonicus,不明,,ハムシ目録データベース
H530,Chrysomelidae,ハムシ科,Eumolpinae,サルハムシ亜科,,,,,Colasposoma,,dauricum,,,,,イモサルハムシ,,,,,,,Colasposoma dauricum,サツマイモ,,ハムシハンドブック
H531,Chrysomelidae,ハムシ科,Eumolpinae,サルハムシ亜科,,,,,Colasposoma,,viridicoeruleum,,,,,オキナワイモサルハムシ,,,,,,,Colasposoma viridicoeruleum,不明,,ハムシ目録データベース
H532,Chrysomelidae,ハムシ科,Eumolpinae,サルハムシ亜科,,,,,Basilepta,,amamiensis,,,,,ヨツモンサルハムシ,,,,,,,Basilepta amamiensis,不明,,ハムシ目録データベース
H533,Chrysomelidae,ハムシ科,Eumolpinae,サルハムシ亜科,,,,,Basilepta,,balyi,,,,,チャイロサルハムシ,,,,,,,Basilepta balyi,不明,,ハムシ目録データベース
H534,Chrysomelidae,ハムシ科,Eumolpinae,サルハムシ亜科,,,,,Basilepta,,borodinensis,,,,,ダイトウサルハムシ,,,,,,,Basilepta borodinensis,不明,,ハムシ目録データベース
H535,Chrysomelidae,ハムシ科,Eumolpinae,サルハムシ亜科,,,,,Basilepta,,davidi,,,,,ダビッドサルハムシ,,,,,,,Basilepta davidi,不明,,ハムシ目録データベース
H536,Chrysomelidae,ハムシ科,Eumolpinae,サルハムシ亜科,,,,,Basilepta,,fulvipes,,,,,アオバネサルハムシ,,,,,,,Basilepta fulvipes,不明,,ハムシ目録データベース
H537,Chrysomelidae,ハムシ科,Eumolpinae,サルハムシ亜科,,,,,Basilepta,,hirayamai,,,,,ニセウスイロサルハムシ,,,,,,,Basilepta hirayamai,不明,,ハムシ目録データベース
H538,Chrysomelidae,ハムシ科,Eumolpinae,サルハムシ亜科,,,,,Basilepta,,hirticollis,,,,,ムナゲクロサルハムシ,,,,,,,Basilepta hirticollis,不明,,ハムシ目録データベース
H539,Chrysomelidae,ハムシ科,Eumolpinae,サルハムシ亜科,,,,,Basilepta,,modesta,,,,,ルリサルハムシ,,,,,,,Basilepta modesta,不明,,ハムシ目録データベース
H540,Chrysomelidae,ハムシ科,Eumolpinae,サルハムシ亜科,,,,,Basilepta,,pallidula,,,,,ウスイロサルハムシ,,,,,,,Basilepta pallidula,コナラ、クリなど,,ハムシハンドブック
H541,Chrysomelidae,ハムシ科,Eumolpinae,サルハムシ亜科,,,,,Basilepta,,ruficollis,,,,,ムネアカサルハムシ,,,,,,,Basilepta ruficollis,クマイチゴ、クリ,,ハムシハンドブック
H542,Chrysomelidae,ハムシ科,Eumolpinae,サルハムシ亜科,,,,,Basilepta,,uenoi,,,,,ドウイロムナゲサルハムシ,,,,,,,Basilepta uenoi,不明,,ハムシ目録データベース
H543,Chrysomelidae,ハムシ科,Eumolpinae,サルハムシ亜科,,,,,Basilepta,,varicolor,,,,,シイサルハムシ,,,,,,,Basilepta varicolor,不明,,ハムシ目録データベース
H544,Chrysomelidae,ハムシ科,Eumolpinae,サルハムシ亜科,,,,,Cleoporus,,lateralis,,,,,サクラサルハムシ,,,,,,,Cleoporus lateralis,サクラ、ウメ、ナシ、リンゴ,,ハムシハンドブック
H545,Chrysomelidae,ハムシ科,Eumolpinae,サルハムシ亜科,,,,,Cleorina,,aeneomicans,,,,,イクビルリハムシ,,,,,,,Cleorina aeneomicans,不明,,ハムシ目録データベース
H546,Chrysomelidae,ハムシ科,Eumolpinae,サルハムシ亜科,,,,,Nodina,,chalcosoma,,,,,アオガネヒメサルハムシ,,,,,,,Nodina chalcosoma,不明,,ハムシ目録データベース
H547,Chrysomelidae,ハムシ科,Eumolpinae,サルハムシ亜科,,,,,Nodina,,kraussi,,,,,クラウスチビサルハムシ,,,,,,,Nodina kraussi,不明,,ハムシ目録データベース
H548,Chrysomelidae,ハムシ科,Eumolpinae,サルハムシ亜科,,,,,Nodina,,morimotoi,,,,,モリモトチビサルハムシ,,,,,,,Nodina morimotoi,不明,,ハムシ目録データベース
H549,Chrysomelidae,ハムシ科,Eumolpinae,サルハムシ亜科,,,,,Nodina,,sauteri,,,,,ザウターチビサルハムシ,,,,,,,Nodina sauteri,不明,,ハムシ目録データベース
H550,Chrysomelidae,ハムシ科,Eumolpinae,サルハムシ亜科,,,,,Pagria,,consimilis,,,,,ムネアカキバネサルハムシ,,,,,,,Pagria consimilis,不明,,ハムシ目録データベース
H551,Chrysomelidae,ハムシ科,Eumolpinae,サルハムシ亜科,,,,,Pagria,,flavopustulata,,,,,ツヤキバネサルハムシ,,,,,,,Pagria flavopustulata,不明,,ハムシ目録データベース
H552,Chrysomelidae,ハムシ科,Eumolpinae,サルハムシ亜科,,,,,Pagria,,ingibbosa,,,,,チビキバネサルハムシ,,,,,,,Pagria ingibbosa,不明,,ハムシ目録データベース
H553,Chrysomelidae,ハムシ科,Eumolpinae,サルハムシ亜科,,,,,Pagria,,ussuriensis,,,,,マルキバネサルハムシ,,,,,,,Pagria ussuriensis,不明,,ハムシ目録データベース
H554,Chrysomelidae,ハムシ科,Eumolpinae,サルハムシ亜科,,,,,Parascela,,cribrata,,,,,ヒメムクゲサルハムシ,,,,,,,Parascela cribrata,不明,,ハムシ目録データベース
H555,Chrysomelidae,ハムシ科,Eumolpinae,サルハムシ亜科,,,,,Rhyparida,,lineolata,,,,,セスジサルハムシ,,,,,,,Rhyparida lineolata,不明,,ハムシ目録データベース
H556,Chrysomelidae,ハムシ科,Eumolpinae,サルハムシ亜科,,,,,Rhyparida,,sakisimensis,,,,,モモブトサルハムシ,,,,,,,Rhyparida sakisimensis,不明,,ハムシ目録データベース
H557,Chrysomelidae,ハムシ科,ツヤハムシ亜科,ツヤハムシ亜科,,,,,Oomorphoides,,cupreatus,,,,,ドウガネツヤハムシ,,,,,,,Oomorphoides cupreatus,不明,,ハムシ目録データベース
H558,Chrysomelidae,ハムシ科,ツヤハムシ亜科,ツヤハムシ亜科,,,,,Oomorphoides,,loochooensis,,,,,リュウキュウツヤハムシ,,,,,,,Oomorphoides loochooensis,不明,,ハムシ目録データベース
H559,Chrysomelidae,ハムシ科,ツヤハムシ亜科,ツヤハムシ亜科,,,,,Oomorphoides,,nigrocaeruleus,,,,,アオグロツヤハムシ,,,,,,,Oomorphoides nigrocaeruleus,タラノキ,,ハムシハンドブック
H560,Chrysomelidae,ハムシ科,ツヤハムシ亜科,ツヤハムシ亜科,,,,,Oomorphoides,,okinawensis,,,,,オキナワツヤハムシ,,,,,,,Oomorphoides okinawensis,不明,,ハムシ目録データベース
H561,Chrysomelidae,ハムシ科,ツヤハムシ亜科,ツヤハムシ亜科,,,,,Oomorphoides,,sakishimanus,,,,,サキシマツヤハムシ,,,,,,,Oomorphoides sakishimanus,不明,,ハムシ目録データベース
H562,Chrysomelidae,ハムシ科,ツヤハムシ亜科,ツヤハムシ亜科,,,,,Oomorphus,,(Oomorphus),,,,,ヒメツヤハムシ,,,,,,,Oomorphus (Oomorphus),不明,,ハムシ目録データベース
H563,Chrysomelidae,ハムシ科,Cryptocephalinae,ツツハムシ亜科,,,,,Aetheomorpha,,taiwana,,,,,タイワンカタハリナガツツハムシ,,,,,,,Aetheomorpha taiwana,不明,,ハムシ目録データベース
H564,Chrysomelidae,ハムシ科,Cryptocephalinae,ツツハムシ亜科,,,,,Clytra,,(Clytra),,,,,ヨツボシナガツツハムシ,,,,,,,Clytra (Clytra),不明,,ハムシ目録データベース
H565,Chrysomelidae,ハムシ科,Cryptocephalinae,ツツハムシ亜科,,,,,Coptocephala,,orientalis,,,,,ヨツボシアカツツハムシ,,,,,,,Coptocephala orientalis,不明,,ハムシ目録データベース
H566,Chrysomelidae,ハムシ科,Cryptocephalinae,ツツハムシ亜科,,,,,Physosmaragdina,,nigrifrons,,,,,クロオビツツハムシ,,,,,,,Physosmaragdina nigrifrons,不明,,ハムシ目録データベース
H567,Chrysomelidae,ハムシ科,Cryptocephalinae,ツツハムシ亜科,,,,,Smaragdina,,aurita,,,,,キボシルリハムシ,,,,,,,Smaragdina aurita,不明,,ハムシ目録データベース
H568,Chrysomelidae,ハムシ科,Cryptocephalinae,ツツハムシ亜科,,,,,Smaragdina,,ihai,,,,,ツルグミナガツツハムシ,,,,,,,Smaragdina ihai,不明,,ハムシ目録データベース
H569,Chrysomelidae,ハムシ科,Cryptocephalinae,ツツハムシ亜科,,,,,Smaragdina,,mandzhura,,,,,ルリナガツツハムシ,,,,,,,Smaragdina mandzhura,不明,,ハムシ目録データベース
H570,Chrysomelidae,ハムシ科,Cryptocephalinae,ツツハムシ亜科,,,,,Smaragdina,,nipponensis,,,,,キイロナガツツハムシ,,,,,,,Smaragdina nipponensis,不明,,ハムシ目録データベース
H571,Chrysomelidae,ハムシ科,Cryptocephalinae,ツツハムシ亜科,,,,,Smaragdina,,quadratomaculata,,,,,アザミナガツツハムシ,,,,,,,Smaragdina quadratomaculata,不明,,ハムシ目録データベース
H572,Chrysomelidae,ハムシ科,Cryptocephalinae,ツツハムシ亜科,,,,,Smaragdina,,semiaurantiaca,,,,,ムナキルリハムシ,,,,,,,Smaragdina semiaurantiaca,不明,,ハムシ目録データベース
H573,Chrysomelidae,ハムシ科,Cryptocephalinae,ツツハムシ亜科,,,,,Cryptocephalus,,(Asionus),,,,,アイヌツツハムシ,,,,,,,Cryptocephalus (Asionus),不明,,ハムシ目録データベース
H574,Chrysomelidae,ハムシ科,Cryptocephalinae,ツツハムシ亜科,,,,,Cryptocephalus,,(Asionus),,,,,セメノフツツハムシ,,,,,,,Cryptocephalus (Asionus),不明,,ハムシ目録データベース
H575,Chrysomelidae,ハムシ科,Cryptocephalinae,ツツハムシ亜科,,,,,Cryptocephalus,,(Burlinius),,,,,フタスジツツハムシ,,,,,,,Cryptocephalus (Burlinius),不明,,ハムシ目録データベース
H576,Chrysomelidae,ハムシ科,Cryptocephalinae,ツツハムシ亜科,,,,,Cryptocephalus,,(Burlinius),,,,,チビルリツツハムシ,,,,,,,Cryptocephalus (Burlinius),不明,,ハムシ目録データベース
H577,Chrysomelidae,ハムシ科,Cryptocephalinae,ツツハムシ亜科,,,,,Cryptocephalus,,(Burlinius),,,,,エジマツツハムシ,,,,,,,Cryptocephalus (Burlinius),不明,,ハムシ目録データベース
H578,Chrysomelidae,ハムシ科,Cryptocephalinae,ツツハムシ亜科,,,,,Cryptocephalus,,(Burlinius),,,,,キアシチビツツハムシ,,,,,,,Cryptocephalus (Burlinius),不明,,ハムシ目録データベース
H579,Chrysomelidae,ハムシ科,Cryptocephalinae,ツツハムシ亜科,,,,,Cryptocephalus,,(Burlinius),,,,,ウスグロスジツツハムシ,,,,,,,Cryptocephalus (Burlinius),不明,,ハムシ目録データベース
H580,Chrysomelidae,ハムシ科,Cryptocephalinae,ツツハムシ亜科,,,,,Cryptocephalus,,(Burlinius),,,,,アカムネチビツツハムシ,,,,,,,Cryptocephalus (Burlinius),不明,,ハムシ目録データベース
H581,Chrysomelidae,ハムシ科,Cryptocephalinae,ツツハムシ亜科,,,,,Cryptocephalus,,(Burlinius),,,,,キモトツツハムシ,,,,,,,Cryptocephalus (Burlinius),不明,,ハムシ目録データベース
H582,Chrysomelidae,ハムシ科,Cryptocephalinae,ツツハムシ亜科,,,,,Cryptocephalus,,(Burlinius),,,,,タテスジキツツハムシ,,,,,,,Cryptocephalus (Burlinius),不明,,ハムシ目録データベース
H583,Chrysomelidae,ハムシ科,Cryptocephalinae,ツツハムシ亜科,,,,,Cryptocephalus,,(Burlinius),,,,,ハコネチビツツハムシ,,,,,,,Cryptocephalus (Burlinius),不明,,ハムシ目録データベース
H584,Chrysomelidae,ハムシ科,Cryptocephalinae,ツツハムシ亜科,,,,,Cryptocephalus,,(Cryptocephalus),,,,,ルリツツハムシ,,,,,,,Cryptocephalus (Cryptocephalus),不明,,ハムシ目録データベース
H585,Chrysomelidae,ハムシ科,Cryptocephalinae,ツツハムシ亜科,,,,,Cryptocephalus,,(Cryptocephalus),,,,,キアシルリツツハムシ,,,,,,,Cryptocephalus (Cryptocephalus),不明,,ハムシ目録データベース
H586,Chrysomelidae,ハムシ科,Cryptocephalinae,ツツハムシ亜科,,,,,Cryptocephalus,,(Cryptocephalus),,,,,コヤツボシツツハムシ,,,,,,,Cryptocephalus (Cryptocephalus),不明,,ハムシ目録データベース
H587,Chrysomelidae,ハムシ科,Cryptocephalinae,ツツハムシ亜科,,,,,Cryptocephalus,,(Cryptocephalus),,,,,ニセセスジツツハムシ,,,,,,,Cryptocephalus (Cryptocephalus),不明,,ハムシ目録データベース
H588,Chrysomelidae,ハムシ科,Cryptocephalinae,ツツハムシ亜科,,,,,Cryptocephalus,,(Cryptocephalus),,,,,カラフトツツハムシ,,,,,,,Cryptocephalus (Cryptocephalus),不明,,ハムシ目録データベース
H589,Chrysomelidae,ハムシ科,Cryptocephalinae,ツツハムシ亜科,,,,,Cryptocephalus,,(Cryptocephalus),,,,,キスジツツハムシ,,,,,,,Cryptocephalus (Cryptocephalus),不明,,ハムシ目録データベース
H590,Chrysomelidae,ハムシ科,Cryptocephalinae,ツツハムシ亜科,,,,,Cryptocephalus,,(Cryptocephalus),,,,,リュウキュウツツハムシ,,,,,,,Cryptocephalus (Cryptocephalus),不明,,ハムシ目録データベース
H591,Chrysomelidae,ハムシ科,Cryptocephalinae,ツツハムシ亜科,,,,,Cryptocephalus,,(Cryptocephalus),,,,,リュウキュウツツハムシ　宮古島亜種,,,,,,,Cryptocephalus (Cryptocephalus),不明,,ハムシ目録データベース
H592,Chrysomelidae,ハムシ科,Cryptocephalinae,ツツハムシ亜科,,,,,Cryptocephalus,,(Cryptocephalus),,,,,クロボシツツハムシ,,,,,,,Cryptocephalus (Cryptocephalus),ナシ、クリなど,,ハムシハンドブック
H593,Chrysomelidae,ハムシ科,Cryptocephalinae,ツツハムシ亜科,,,,,Cryptocephalus,,(Cryptocephalus),,,,,ツヤルリツツハムシ,,,,,,,Cryptocephalus (Cryptocephalus),不明,,ハムシ目録データベース
H594,Chrysomelidae,ハムシ科,Cryptocephalinae,ツツハムシ亜科,,,,,Cryptocephalus,,(Cryptocephalus),,,,,ヨツモンクロツツハムシ,,,,,,,Cryptocephalus (Cryptocephalus),クヌギ,,ハムシハンドブック
H595,Chrysomelidae,ハムシ科,Cryptocephalinae,ツツハムシ亜科,,,,,Cryptocephalus,,(Cryptocephalus),,,,,ムツキボシツツハムシ,,,,,,,Cryptocephalus (Cryptocephalus),不明,,ハムシ目録データベース
H596,Chrysomelidae,ハムシ科,Cryptocephalinae,ツツハムシ亜科,,,,,Cryptocephalus,,(Cryptocephalus),,,,,セスジツツハムシ,,,,,,,Cryptocephalus (Cryptocephalus),カンバ類、ヤナギ、ミズナラなど,,ハムシハンドブック
H597,Chrysomelidae,ハムシ科,Cryptocephalinae,ツツハムシ亜科,,,,,Cryptocephalus,,(Cryptocephalus),,,,,ヤツボシツツハムシ,,,,,,,Cryptocephalus (Cryptocephalus),イタドリ,,ハムシハンドブック
H598,Chrysomelidae,ハムシ科,Cryptocephalinae,ツツハムシ亜科,,,,,Cryptocephalus,,(Cryptocephalus),,,,,キボシツツハムシ,,,,,,,Cryptocephalus (Cryptocephalus),マメ科のミヤギノハギ,,ハムシハンドブック
H599,Chrysomelidae,ハムシ科,Cryptocephalinae,ツツハムシ亜科,,,,,Cryptocephalus,,(Cryptocephalus),,,,,キボシツツハムシ　琉球亜種,,,,,,,Cryptocephalus (Cryptocephalus),不明,,ハムシ目録データベース
H600,Chrysomelidae,ハムシ科,Cryptocephalinae,ツツハムシ亜科,,,,,Cryptocephalus,,(Cryptocephalus),,,,,キボシツツハムシ　宮古島亜種,,,,,,,Cryptocephalus (Cryptocephalus),不明,,ハムシ目録データベース
H601,Chrysomelidae,ハムシ科,Cryptocephalinae,ツツハムシ亜科,,,,,Cryptocephalus,,(Cryptocephalus),,,,,キボシツツハムシ　与那国島亜種,,,,,,,Cryptocephalus (Cryptocephalus),不明,,ハムシ目録データベース
H602,Chrysomelidae,ハムシ科,Cryptocephalinae,ツツハムシ亜科,,,,,Cryptocephalus,,(Cryptocephalus),,,,,カシワツツハムシ,,,,,,,Cryptocephalus (Cryptocephalus),不明,,ハムシ目録データベース
H603,Chrysomelidae,ハムシ科,Cryptocephalinae,ツツハムシ亜科,,,,,Cryptocephalus,,(Cryptocephalus),,,,,ムツボシツツハムシ,,,,,,,Cryptocephalus (Cryptocephalus),不明,,ハムシ目録データベース
H604,Chrysomelidae,ハムシ科,Cryptocephalinae,ツツハムシ亜科,,,,,Cryptocephalus,,(Cryptocephalus),,,,,ジュウシホシツツハムシ,,,,,,,Cryptocephalus (Cryptocephalus),オカトラノオ,,ハムシハンドブック
H605,Chrysomelidae,ハムシ科,Cryptocephalinae,ツツハムシ亜科,,,,,Cryptocephalus,,(Disopus),,,,,ツマキクロツツハムシ,,,,,,,Cryptocephalus (Disopus),不明,,ハムシ目録データベース
H606,Chrysomelidae,ハムシ科,Cryptocephalinae,ツツハムシ亜科,,,,,Diachus,,auratus,,,,,ヒロヒゲツツハムシ,,,,,,,Diachus auratus,不明,,ハムシ目録データベース
H607,Chrysomelidae,ハムシ科,Cryptocephalinae,ツツハムシ亜科,,,,,Melixanthus,,babai,,,,,ババチビツツハムシ,,,,,,,Melixanthus babai,不明,,ハムシ目録データベース
H608,Chrysomelidae,ハムシ科,Cryptocephalinae,ツツハムシ亜科,,,,,Melixanthus,,pumilio,,,,,アオチビツツハムシ,,,,,,,Melixanthus pumilio,不明,,ハムシ目録データベース
H609,Chrysomelidae,ハムシ科,Cryptocephalinae,ツツハムシ亜科,,,,,Adiscus,,lewisii,,,,,タマツツハムシ,,,,,,,Adiscus lewisii,クヌギ、コナラ、ヤマハギ,,ハムシハンドブック
H610,Chrysomelidae,ハムシ科,Cryptocephalinae,ツツハムシ亜科,,,,,Adiscus,,nigripennis,,,,,リュウキュウタマツツハムシ,,,,,,,Adiscus nigripennis,不明,,ハムシ目録データベース
H611,Chrysomelidae,ハムシ科,Cryptocephalinae,ツツハムシ亜科,,,,,Coenobius,,nigrocastaneus,,,,,ウスグロヒメツツハムシ,,,,,,,Coenobius nigrocastaneus,不明,,ハムシ目録データベース
H612,Chrysomelidae,ハムシ科,Cryptocephalinae,ツツハムシ亜科,,,,,Coenobius,,obscuripennis,,,,,ウスアカヒメツツハムシ,,,,,,,Coenobius obscuripennis,不明,,ハムシ目録データベース
H613,Chrysomelidae,ハムシ科,Cryptocephalinae,ツツハムシ亜科,,,,,Coenobius,,piceipes,,,,,クロアシヒメツツハムシ,,,,,,,Coenobius piceipes,不明,,ハムシ目録データベース
H614,Chrysomelidae,ハムシ科,Cryptocephalinae,ツツハムシ亜科,,,,,Coenobius,,piceus,,,,,クロヒメツツハムシ,,,,,,,Coenobius piceus,不明,,ハムシ目録データベース
H615,Chrysomelidae,ハムシ科,Cryptocephalinae,ツツハムシ亜科,,,,,Coenobius,,sulcicollis,,,,,ムネミゾヒメツツハムシ,,,,,,,Coenobius sulcicollis,不明,,ハムシ目録データベース
H616,Chrysomelidae,ハムシ科,Cryptocephalinae,ツツハムシ亜科,,,,,Chlamisus,,consimilis,,,,,カシワコブハムシ,,,,,,,Chlamisus consimilis,不明,,ハムシ目録データベース
H617,Chrysomelidae,ハムシ科,Cryptocephalinae,ツツハムシ亜科,,,,,Chlamisus,,diminutus,,,,,ヒメコブハムシ,,,,,,,Chlamisus diminutus,不明,,ハムシ目録データベース
H618,Chrysomelidae,ハムシ科,Cryptocephalinae,ツツハムシ亜科,,,,,Chlamisus,,geniculatus,,,,,アマミコブハムシ,,,,,,,Chlamisus geniculatus,不明,,ハムシ目録データベース
H619,Chrysomelidae,ハムシ科,Cryptocephalinae,ツツハムシ亜科,,,,,Chlamisus,,interjectus,,,,,ミズキコブハムシ,,,,,,,Chlamisus interjectus,不明,,ハムシ目録データベース
H620,Chrysomelidae,ハムシ科,Cryptocephalinae,ツツハムシ亜科,,,,,Chlamisus,,japonicus,,,,,ハバビロコブハムシ,,,,,,,Chlamisus japonicus,不明,,ハムシ目録データベース
H621,Chrysomelidae,ハムシ科,Cryptocephalinae,ツツハムシ亜科,,,,,Chlamisus,,laticollis,,,,,ツツジコブハムシ,,,,,,,Chlamisus laticollis,不明,,ハムシ目録データベース
H622,Chrysomelidae,ハムシ科,Cryptocephalinae,ツツハムシ亜科,,,,,Chlamisus,,lewisii,,,,,ツバキコブハムシ,,,,,,,Chlamisus lewisii,不明,,ハムシ目録データベース
H623,Chrysomelidae,ハムシ科,Cryptocephalinae,ツツハムシ亜科,,,,,Chlamisus,,spilotus,,,,,ムシクソハムシ,,,,,,,Chlamisus spilotus,ヤナギ類、サクラ、ミズキ、ウツギ類,,ハムシハンドブック
H624,Chrysomelidae,ハムシ科,Cryptocephalinae,ツツハムシ亜科,,,,,Chlamisus,,yakushimanus,,,,,ヤクシマコブハムシ,,,,,,,Chlamisus yakushimanus,不明,,ハムシ目録データベース
H625,Chrysomelidae,ハムシ科,Cryptocephalinae,ツツハムシ亜科,,,,,Pachybrachis,,(Pachybrachis),,,,,ハギツツハムシ,,,,,,,Pachybrachis (Pachybrachis),ハギ類、ヤナギ類,,ハムシハンドブック
